name,price,discount,url,image,rating,comments
"Quạt mini GOOJODOQ cầm tay với 4000mAh,5 bánh răng gió mạnh,điều chỉnh mức 100 Level,Tiếng ồn nhỏ,có thể gập lại","169,000", -44%,https://www.lazada.vn/products/pdp-i2871595253-s15060638110.html?pvid=71f12e8b-60af-4568-b4f8-dbac2696ea2b&search=jfy&scm=1007.17519.386432.0&priceCompare=skuId%3A15060638110%3Bsource%3Atpp-recommend-plugin-32104%3Bsn%3A71f12e8b-60af-4568-b4f8-dbac2696ea2b%3BoriginPrice%3A169000%3BdisplayPrice%3A169000%3BsinglePromotionId%3A-1%3BsingleToolCode%3AmockedSalePrice%3BvoucherPricePlugin%3A0%3Btimestamp%3A1757734790303,No image,98,(1514)
"Chân đế Dome chuyên dụng cho Camera xoay Wifi Ezviz, yoosee, super guard Imou, Kbone","14,000", -52%,https://www.lazada.vn/products/pdp-i2225482580-s10657238581.html?pvid=71f12e8b-60af-4568-b4f8-dbac2696ea2b&search=jfy&scm=1007.17519.386432.0&priceCompare=skuId%3A10657238581%3Bsource%3Atpp-recommend-plugin-32104%3Bsn%3A71f12e8b-60af-4568-b4f8-dbac2696ea2b%3BoriginPrice%3A14000%3BdisplayPrice%3A14000%3BsinglePromotionId%3A900000052212796%3BsingleToolCode%3ApromPrice%3BvoucherPricePlugin%3A0%3Btimestamp%3A1757734790303,https://img.lazcdn.com/g/p/f2ecff49e5b451d3ca445d6b254a3f2c.jpg_400x400q80.jpg,98,(62)
sạc ác quy 12v 24v tự ngắt 6-400ah may sac bình ắc quy tự động sạc bình ắc quy 12v tự động sạc bình ắc quy 12v 30ah,"159,000", -55%,https://www.lazada.vn/products/pdp-i2513284151-s12319963299.html?pvid=71f12e8b-60af-4568-b4f8-dbac2696ea2b&search=jfy&scm=1007.17519.386432.0&priceCompare=skuId%3A12319963299%3Bsource%3Atpp-recommend-plugin-32104%3Bsn%3A71f12e8b-60af-4568-b4f8-dbac2696ea2b%3BoriginPrice%3A159000%3BdisplayPrice%3A159000%3BsinglePromotionId%3A900000052352222%3BsingleToolCode%3AflashSale%3BvoucherPricePlugin%3A0%3Btimestamp%3A1757734790303,https://img.lazcdn.com/g/ff/kf/S481ed00a57274ac8956afe1f8c0764f9N.png_400x400q80.png,94,(1077)
"SẠC DỰ PHÒNG MẶT GƯƠNG ĐEN 30000MAH - PIN DỰ PHÒNG , PIN TRÂU GIÁ TỐT - PIN SẠC DỰ PHÒNG CAO CẤP, MẶT GƯƠNG ĐEN NHIỀU MÀU SẮC - SẠC DỰ PHÒNG 30.000MAH DUNG LƯỢNG KHỦNG, SẠC NHANH, CÓ ĐÈN LED","70,565", -93%,https://www.lazada.vn/products/pdp-i3001213030-s14463033218.html?pvid=71f12e8b-60af-4568-b4f8-dbac2696ea2b&search=jfy&scm=1007.17519.386432.0&priceCompare=skuId%3A14463033218%3Bsource%3Atpp-recommend-plugin-32104%3Bsn%3A71f12e8b-60af-4568-b4f8-dbac2696ea2b%3BoriginPrice%3A70565%3BdisplayPrice%3A70565%3BsinglePromotionId%3A900000051332024%3BsingleToolCode%3AflashSale%3BvoucherPricePlugin%3A0%3Btimestamp%3A1757734790302,https://img.lazcdn.com/g/p/3e6702ba5007234731468e8409a88bc0.png_400x400q80.png,88,(183)
[SIÊU GIẢM GIÁ] Nước Tẩy Trang L'Oréal Paris Micellar Water 400ml Hasaki Sản Phẩm Chính Hãng,"85,000", -50%,https://www.lazada.vn/products/pdp-i1871024336-s15018917395.html?pvid=71f12e8b-60af-4568-b4f8-dbac2696ea2b&search=jfy&scm=1007.17519.386432.0&priceCompare=skuId%3A15018917395%3Bsource%3Atpp-recommend-plugin-32104%3Bsn%3A71f12e8b-60af-4568-b4f8-dbac2696ea2b%3BoriginPrice%3A85000%3BdisplayPrice%3A85000%3BsinglePromotionId%3A900000052384018%3BsingleToolCode%3AmillionSubsidy%3BvoucherPricePlugin%3A0%3Btimestamp%3A1757734790303,No image,100,(1523)
JIASHI 4200Mbps High-Speed WiFi Signal Booster Amplifier Wireless Range Extender,"21,000", -30%,https://www.lazada.vn/products/pdp-i3125781000-s14935697595.html?pvid=71f12e8b-60af-4568-b4f8-dbac2696ea2b&search=jfy&scm=1007.17519.386432.0&priceCompare=skuId%3A14935697595%3Bsource%3Atpp-recommend-plugin-32104%3Bsn%3A71f12e8b-60af-4568-b4f8-dbac2696ea2b%3BoriginPrice%3A21000%3BdisplayPrice%3A21000%3BsinglePromotionId%3A-1%3BsingleToolCode%3AmockedSalePrice%3BvoucherPricePlugin%3A0%3Btimestamp%3A1757734790302,No image,80,(308)
BIC J6 cỡ lớn của Pháp ( Hộp Quẹt Bic J6 size to ),"98,315", -44%,https://www.lazada.vn/products/pdp-i2474219392-s12116073217.html?pvid=71f12e8b-60af-4568-b4f8-dbac2696ea2b&search=jfy&scm=1007.17519.386432.0&priceCompare=skuId%3A12116073217%3Bsource%3Atpp-recommend-plugin-32104%3Bsn%3A71f12e8b-60af-4568-b4f8-dbac2696ea2b%3BoriginPrice%3A98315%3BdisplayPrice%3A98315%3BsinglePromotionId%3A900000052212796%3BsingleToolCode%3ApromPrice%3BvoucherPricePlugin%3A0%3Btimestamp%3A1757734790303,No image,98,(350)
(CHỈ 20-22.8 GIÁ TỐT MUA NGAY-SLCH) Sữa bột Glucerna hương vani 800g,"860,000", -13%,https://www.lazada.vn/products/pdp-i2567999464-s12546848660.html?pvid=71f12e8b-60af-4568-b4f8-dbac2696ea2b&search=jfy&scm=1007.17519.386432.0&priceCompare=skuId%3A12546848660%3Bsource%3Atpp-recommend-plugin-32104%3Bsn%3A71f12e8b-60af-4568-b4f8-dbac2696ea2b%3BoriginPrice%3A860000%3BdisplayPrice%3A860000%3BsinglePromotionId%3A900000052352222%3BsingleToolCode%3AflashSale%3BvoucherPricePlugin%3A0%3Btimestamp%3A1757734790303,No image,100,(22161)
"Giấy vệ sinh treo tường Top Gia thùng 6 bịch đa sắc làm từ bột giấy thiên nhiên, 1280 tờ 4 lớp dày dặn","120,000", -45%,https://www.lazada.vn/products/pdp-i2581764776-s12584860860.html?pvid=71f12e8b-60af-4568-b4f8-dbac2696ea2b&search=jfy&scm=1007.17519.386432.0&priceCompare=skuId%3A12584860860%3Bsource%3Atpp-recommend-plugin-32104%3Bsn%3A71f12e8b-60af-4568-b4f8-dbac2696ea2b%3BoriginPrice%3A120000%3BdisplayPrice%3A120000%3BsinglePromotionId%3A900000052384018%3BsingleToolCode%3AmillionSubsidy%3BvoucherPricePlugin%3A0%3Btimestamp%3A1757734790302,No image,100,(8663)
1KG ĐẬU PHỘNG ( Lạc sống)  An Phương- SHOP ANPHUONG,"51,473", -25%,https://www.lazada.vn/products/pdp-i1486690075-s6205069418.html?pvid=71f12e8b-60af-4568-b4f8-dbac2696ea2b&search=jfy&scm=1007.17519.386432.0&priceCompare=skuId%3A6205069418%3Bsource%3Atpp-recommend-plugin-32104%3Bsn%3A71f12e8b-60af-4568-b4f8-dbac2696ea2b%3BoriginPrice%3A51473%3BdisplayPrice%3A51473%3BsinglePromotionId%3A900000052212796%3BsingleToolCode%3ApromPrice%3BvoucherPricePlugin%3A0%3Btimestamp%3A1757734790302,https://img.lazcdn.com/g/p/3a04984c75770c4c91e9fac8b04ccc2a.jpg_400x400q80.jpg,96,(511)
[Combo 2 Hộp ] Men Vi Sinh BioGaia Protectis Drops Tăng Cường Tiêu Hóa Và Miễn Dịch Khỏe Cho Bé 5ml - Bibo Mart,"920,000",No discount,https://www.lazada.vn/products/pdp-i3061560070-s14724608015.html?pvid=71f12e8b-60af-4568-b4f8-dbac2696ea2b&search=jfy&scm=1007.17519.386432.0&priceCompare=skuId%3A14724608015%3Bsource%3Atpp-recommend-plugin-32104%3Bsn%3A71f12e8b-60af-4568-b4f8-dbac2696ea2b%3BoriginPrice%3A920000%3BdisplayPrice%3A920000%3BsinglePromotionId%3A900000051768079%3BsingleToolCode%3ApromPrice%3BvoucherPricePlugin%3A0%3Btimestamp%3A1757734790303,No image,100,(240)
Siêu Camera Yoosee  PA40L 4 Mắt Kép – Xem 3 Màn Hình – Xoay 360 Độ – Độ Phân Giải Khủng 12.0Mpxa,"573,000", -33%,https://www.lazada.vn/products/pdp-i3100749521-s14860275319.html?pvid=71f12e8b-60af-4568-b4f8-dbac2696ea2b&search=jfy&scm=1007.17519.386432.0&priceCompare=skuId%3A14860275319%3Bsource%3Atpp-recommend-plugin-32104%3Bsn%3A71f12e8b-60af-4568-b4f8-dbac2696ea2b%3BoriginPrice%3A573000%3BdisplayPrice%3A573000%3BsinglePromotionId%3A900000051768079%3BsingleToolCode%3ApromPrice%3BvoucherPricePlugin%3A0%3Btimestamp%3A1757734790302,https://img.lazcdn.com/g/p/0a17c0005dbdc8083dd3fe9e1f51391f.jpg_400x400q80.jpg,98,(30)
Quần Tây Nữ Lưng Cao Đi Học Làm Công Sở Ống Đứng Suông Dài Màu Đen Dáng Quần Vải Baggy Cạp Cao Nữ Công Sở Học Sinh,"75,000", -44%,https://www.lazada.vn/products/pdp-i2018968916-s9403077882.html?pvid=71f12e8b-60af-4568-b4f8-dbac2696ea2b&search=jfy&scm=1007.17519.386432.0&priceCompare=skuId%3A9403077882%3Bsource%3Atpp-recommend-plugin-32104%3Bsn%3A71f12e8b-60af-4568-b4f8-dbac2696ea2b%3BoriginPrice%3A75000%3BdisplayPrice%3A75000%3BsinglePromotionId%3A-1%3BsingleToolCode%3AmockedSalePrice%3BvoucherPricePlugin%3A0%3Btimestamp%3A1757734790302,https://img.lazcdn.com/g/p/5207888f6229632d9967b7449bebd542.jpg_400x400q80.jpg,96,(799)
"Ổ cắm chịu tải Panagold 2500W 8 ổ, dây dài 5m màu đỏ, kèm 2 công tắc chống quá tải","82,000",No discount,https://www.lazada.vn/products/pdp-i3062924681-s14728890649.html?pvid=71f12e8b-60af-4568-b4f8-dbac2696ea2b&search=jfy&scm=1007.17519.386432.0&priceCompare=skuId%3A14728890649%3Bsource%3Atpp-recommend-plugin-32104%3Bsn%3A71f12e8b-60af-4568-b4f8-dbac2696ea2b%3BoriginPrice%3A82000%3BdisplayPrice%3A82000%3BsinglePromotionId%3A-1%3BsingleToolCode%3A-1%3BvoucherPricePlugin%3A0%3Btimestamp%3A1757734790303,https://img.lazcdn.com/g/p/257cdb6f03d6a782d40ea3a817cc29ad.jpg_400x400q80.jpg,100,(16)
Combo 2 Thùng 24 Chai Nước Tăng Lực Sting Dâu (330ml/chai),"442,000", -18%,https://www.lazada.vn/products/pdp-i2245945138-s10795526700.html?pvid=71f12e8b-60af-4568-b4f8-dbac2696ea2b&search=jfy&scm=1007.17519.386432.0&priceCompare=skuId%3A10795526700%3Bsource%3Atpp-recommend-plugin-32104%3Bsn%3A71f12e8b-60af-4568-b4f8-dbac2696ea2b%3BoriginPrice%3A442000%3BdisplayPrice%3A442000%3BsinglePromotionId%3A900000052384018%3BsingleToolCode%3AmillionSubsidy%3BvoucherPricePlugin%3A0%3Btimestamp%3A1757734790303,No image,100,(6408)
"khò mini cầm tay D-605, nhỏ gọn rễ dùng - tặng kèm 1 đầu bơm đa năng, hết nạp lại.","139,000", -30%,https://www.lazada.vn/products/pdp-i3155188446-s15035567858.html?pvid=71f12e8b-60af-4568-b4f8-dbac2696ea2b&search=jfy&scm=1007.17519.386432.0&priceCompare=skuId%3A15035567858%3Bsource%3Atpp-recommend-plugin-32104%3Bsn%3A71f12e8b-60af-4568-b4f8-dbac2696ea2b%3BoriginPrice%3A139000%3BdisplayPrice%3A139000%3BsinglePromotionId%3A-1%3BsingleToolCode%3AmockedSalePrice%3BvoucherPricePlugin%3A0%3Btimestamp%3A1757734790303,https://img.lazcdn.com/g/ff/kf/S1298b864a5b546f1845e02868412cb69W.jpg_400x400q80.jpg,98,(27)
"Flash Sale 2L Gaabor Af20M-Ye01A Oil-Free Fryer with Automatic Power Off, Non-Stick Tray, Fast Heating - Energy Saving - 12-Month Warranty, 1 for 1 Exchange","439,000", -56%,https://www.lazada.vn/products/pdp-i2345156451-s11418904586.html?pvid=71f12e8b-60af-4568-b4f8-dbac2696ea2b&search=jfy&scm=1007.17519.386432.0&priceCompare=skuId%3A11418904586%3Bsource%3Atpp-recommend-plugin-32104%3Bsn%3A71f12e8b-60af-4568-b4f8-dbac2696ea2b%3BoriginPrice%3A439000%3BdisplayPrice%3A439000%3BsinglePromotionId%3A900000052352222%3BsingleToolCode%3AflashSale%3BvoucherPricePlugin%3A0%3Btimestamp%3A1757734790303,No image,98,(331)
EJM171 - Lock&Lock Meat Grinder - 2L/300W - Glass jar - Stainless steel double blade - 2 grinding levels - 2 year warranty,"857,000", -46%,https://www.lazada.vn/products/pdp-i258723679-s359436976.html?pvid=71f12e8b-60af-4568-b4f8-dbac2696ea2b&search=jfy&scm=1007.17519.386432.0&priceCompare=skuId%3A359436976%3Bsource%3Atpp-recommend-plugin-32104%3Bsn%3A71f12e8b-60af-4568-b4f8-dbac2696ea2b%3BoriginPrice%3A857000%3BdisplayPrice%3A857000%3BsinglePromotionId%3A900000052384018%3BsingleToolCode%3AmillionSubsidy%3BvoucherPricePlugin%3A0%3Btimestamp%3A1757734790303,No image,98,(2713)
[12-13/9 - XU 20%] Sáp OLD SPICE Nhập Khẩu Mỹ Khử Mùi và Ngăn Tiết Mồ Hôi Hương Timber/ Wolfthorn/ Fiji/ Bearglove/ Deep Sea with Ocean Elemen/ SpiceCaptain/ NightPanther Chai 73G,"176,000", -12%,https://www.lazada.vn/products/pdp-i1504184843-s6302201978.html?pvid=71f12e8b-60af-4568-b4f8-dbac2696ea2b&search=jfy&scm=1007.17519.386432.0&priceCompare=skuId%3A6302201978%3Bsource%3Atpp-recommend-plugin-32104%3Bsn%3A71f12e8b-60af-4568-b4f8-dbac2696ea2b%3BoriginPrice%3A176000%3BdisplayPrice%3A176000%3BsinglePromotionId%3A900000052384018%3BsingleToolCode%3AmillionSubsidy%3BvoucherPricePlugin%3A0%3Btimestamp%3A1757734790303,No image,100,(2291)
Sản Phẩm Dinh Dưỡng Nestlé NAN OPTIPRO PLUS 1 800g/lon với 5HMO Sản Xuất Tại Thụy Sĩ,"521,000",No discount,https://www.lazada.vn/products/pdp-i2230874853-s10707010672.html?pvid=71f12e8b-60af-4568-b4f8-dbac2696ea2b&search=jfy&scm=1007.17519.386432.0&priceCompare=skuId%3A10707010672%3Bsource%3Atpp-recommend-plugin-32104%3Bsn%3A71f12e8b-60af-4568-b4f8-dbac2696ea2b%3BoriginPrice%3A521000%3BdisplayPrice%3A521000%3BsinglePromotionId%3A900000052352222%3BsingleToolCode%3AflashSale%3BvoucherPricePlugin%3A0%3Btimestamp%3A1757734790303,No image,100,(13213)
"Lõi Xịt Thơm Phòng Tự Động Glade 7 mùi 252ml Hương Lavender, Hương Biển,Hoa anh Đào, Hương Sớm mai, trầm hương, peony","139,000", -13%,https://www.lazada.vn/products/pdp-i2742698813-s13899552130.html?pvid=71f12e8b-60af-4568-b4f8-dbac2696ea2b&search=jfy&scm=1007.17519.386432.0&priceCompare=skuId%3A13899552130%3Bsource%3Atpp-recommend-plugin-32104%3Bsn%3A71f12e8b-60af-4568-b4f8-dbac2696ea2b%3BoriginPrice%3A139000%3BdisplayPrice%3A139000%3BsinglePromotionId%3A-1%3BsingleToolCode%3AmockedSalePrice%3BvoucherPricePlugin%3A0%3Btimestamp%3A1757734790302,https://img.lazcdn.com/g/ff/kf/S14bc2bea73c84d6aad7343c4d55ceb2ci.jpg_400x400q80.jpg,100,(122)
MAKI - Tất Maki,"85,000",No discount,https://www.lazada.vn/products/pdp-i2170878069-s14071528524.html?pvid=71f12e8b-60af-4568-b4f8-dbac2696ea2b&search=jfy&scm=1007.17519.386432.0&priceCompare=skuId%3A14071528524%3Bsource%3Atpp-recommend-plugin-32104%3Bsn%3A71f12e8b-60af-4568-b4f8-dbac2696ea2b%3BoriginPrice%3A85000%3BdisplayPrice%3A85000%3BsinglePromotionId%3A-1%3BsingleToolCode%3A-1%3BvoucherPricePlugin%3A0%3Btimestamp%3A1757734790303,No image,100,(53)
"FREESHIP MAX-Ấm đun siêu tốc, Bình đun nước siêu tốc 2.3L - Bảo Hành 1 Năm - An toàn cho mọi gia đình, ấm đun nước siêu tốc, âm nước siêu tốc thái lan, bình đun nước giữ nhiệt, am sieu toc giá rẻ, bình nấu nước siêu tốc","95,000", -37%,https://www.lazada.vn/products/pdp-i2074241627-s9709094764.html?pvid=ea8437d1-e456-4d46-9170-fda07d71ba53&search=jfy&scm=1007.17519.386432.0&priceCompare=skuId%3A9709094764%3Bsource%3Atpp-recommend-plugin-32104%3Bsn%3Aea8437d1-e456-4d46-9170-fda07d71ba53%3BoriginPrice%3A95000%3BdisplayPrice%3A95000%3BsinglePromotionId%3A900000051768079%3BsingleToolCode%3ApromPrice%3BvoucherPricePlugin%3A0%3Btimestamp%3A1757734797574,No image,96,(240)
"Combo 2 Túi nước giặt Lix siêu sạch hương hoa anh đào 2.4Kg 2C-N2503 sạch khử khuẩn, kết hợp giặt xả 2 trong 1 - Lixco Việt Nam","139,000", -37%,https://www.lazada.vn/products/pdp-i2061193434-s9628749678.html?pvid=ea8437d1-e456-4d46-9170-fda07d71ba53&search=jfy&scm=1007.17519.386432.0&priceCompare=skuId%3A9628749678%3Bsource%3Atpp-recommend-plugin-32104%3Bsn%3Aea8437d1-e456-4d46-9170-fda07d71ba53%3BoriginPrice%3A139000%3BdisplayPrice%3A139000%3BsinglePromotionId%3A900000052208336%3BsingleToolCode%3AstoreFlashSale%3BvoucherPricePlugin%3A0%3Btimestamp%3A1757734797574,No image,100,(3879)
Bỉm quần/tã quần/tã dán 50/100 miếng！tả quần 100 miếng giá rẻ！tả quần cho bé	！tả dán bé sơ sinh！tã dán trẻ sơ sinh！bỉm dán cho bé sơ sinh！Siêu thoáng khí nam và nữ em bé siêu hấp thụ tã！Tã đang được giảm giá!,"92,000", -6%,https://www.lazada.vn/products/pdp-i2421557214-s11932641607.html?pvid=ea8437d1-e456-4d46-9170-fda07d71ba53&search=jfy&scm=1007.17519.386432.0&priceCompare=skuId%3A11932641607%3Bsource%3Atpp-recommend-plugin-32104%3Bsn%3Aea8437d1-e456-4d46-9170-fda07d71ba53%3BoriginPrice%3A92000%3BdisplayPrice%3A92000%3BsinglePromotionId%3A-1%3BsingleToolCode%3AmockedSalePrice%3BvoucherPricePlugin%3A0%3Btimestamp%3A1757734797574,https://img.lazcdn.com/g/p/3ab8cd26559c71cfbde225d65046fef6.jpg_400x400q80.jpg,98,(1013)
"Combo 100 bút bi nước viết êm tay không lem mực ra tay, bút bi giá rẻ màu xanh, đồ dùng cho học sinh, văn phòng phẩm","43,000", -46%,https://www.lazada.vn/products/pdp-i2033155507-s9480508417.html?pvid=ea8437d1-e456-4d46-9170-fda07d71ba53&search=jfy&scm=1007.17519.386432.0&priceCompare=skuId%3A9480508417%3Bsource%3Atpp-recommend-plugin-32104%3Bsn%3Aea8437d1-e456-4d46-9170-fda07d71ba53%3BoriginPrice%3A43000%3BdisplayPrice%3A43000%3BsinglePromotionId%3A-1%3BsingleToolCode%3AmockedSalePrice%3BvoucherPricePlugin%3A0%3Btimestamp%3A1757734797574,https://img.lazcdn.com/g/p/7f2e7b2ecd634f1a44293b14f4de6e0f.jpg_400x400q80.jpg,100,(41)
Kẹo Đậu Phộng Mạch Nha Mè Trắng 13 miếng,"19,200", -54%,https://www.lazada.vn/products/pdp-i1229884057-s4560766461.html?pvid=ea8437d1-e456-4d46-9170-fda07d71ba53&search=jfy&scm=1007.17519.386432.0&priceCompare=skuId%3A4560766461%3Bsource%3Atpp-recommend-plugin-32104%3Bsn%3Aea8437d1-e456-4d46-9170-fda07d71ba53%3BoriginPrice%3A19200%3BdisplayPrice%3A19200%3BsinglePromotionId%3A900000051768079%3BsingleToolCode%3ApromPrice%3BvoucherPricePlugin%3A0%3Btimestamp%3A1757734797574,No image,98,(807)
Thùng 24 Lon Nước Uống Có Gaz Aquafina Soda (320ml/lon),"148,900", -17%,https://www.lazada.vn/products/pdp-i2040763596-s9525241266.html?pvid=ea8437d1-e456-4d46-9170-fda07d71ba53&search=jfy&scm=1007.17519.386432.0&priceCompare=skuId%3A9525241266%3Bsource%3Atpp-recommend-plugin-32104%3Bsn%3Aea8437d1-e456-4d46-9170-fda07d71ba53%3BoriginPrice%3A148900%3BdisplayPrice%3A148900%3BsinglePromotionId%3A900000052384018%3BsingleToolCode%3AmillionSubsidy%3BvoucherPricePlugin%3A0%3Btimestamp%3A1757734797574,No image,100,(1804)
HTC NE19 Tai nghe dịch thuật thời gian thực AI Dịch 150 ngôn ngữTai nghe dịch thuật AI Tai nghe không dây Bluetooth OWS V6.0 chống nước IPX5  Thiết Kế Móc Tai Pin Trâu,"208,800", -60%,https://www.lazada.vn/products/pdp-i3123852339-s15027339676.html?pvid=ea8437d1-e456-4d46-9170-fda07d71ba53&search=jfy&scm=1007.17519.386432.0&priceCompare=skuId%3A15027339676%3Bsource%3Atpp-recommend-plugin-32104%3Bsn%3Aea8437d1-e456-4d46-9170-fda07d71ba53%3BoriginPrice%3A208800%3BdisplayPrice%3A208800%3BsinglePromotionId%3A900000052212796%3BsingleToolCode%3ApromPrice%3BvoucherPricePlugin%3A0%3Btimestamp%3A1757734797574,No image,98,(209)
Wurkkos WK03 LED Flashlight 18650 Torch 1800LM ATR Luminus SST40 Rechargeable USB C Light IP68 Waterproof for Hiking Camping,"359,804", -29%,https://www.lazada.vn/products/pdp-i1977947828-s9168576061.html?pvid=ea8437d1-e456-4d46-9170-fda07d71ba53&search=jfy&scm=1007.17519.386432.0&priceCompare=skuId%3A9168576061%3Bsource%3Atpp-recommend-plugin-32104%3Bsn%3Aea8437d1-e456-4d46-9170-fda07d71ba53%3BoriginPrice%3A359804%3BdisplayPrice%3A359804%3BsinglePromotionId%3A900000051768079%3BsingleToolCode%3ApromPrice%3BvoucherPricePlugin%3A0%3Btimestamp%3A1757734797574,No image,100,(945)
"(Chính Hãng) Phụ Kiện Gas, Xăng, Đá Clipper chai lớn dùng cho bật lửa Gas, Xăng đá - Phụ Kiện Bật lửa.","30,000", -25%,https://www.lazada.vn/products/pdp-i2274227213-s10994228674.html?pvid=ea8437d1-e456-4d46-9170-fda07d71ba53&search=jfy&scm=1007.17519.386432.0&priceCompare=skuId%3A10994228674%3Bsource%3Atpp-recommend-plugin-32104%3Bsn%3Aea8437d1-e456-4d46-9170-fda07d71ba53%3BoriginPrice%3A30000%3BdisplayPrice%3A30000%3BsinglePromotionId%3A-1%3BsingleToolCode%3AmockedSalePrice%3BvoucherPricePlugin%3A0%3Btimestamp%3A1757734797574,https://img.lazcdn.com/g/p/b0f5ecb671f329155ea5fbc896918dbf.jpg_400x400q80.jpg,98,(119)
Máy sạc bình ắc quy tự động 12V 6A 4AH-120AH Foxsur sạc ắc quy ô tô sạc ắc quy xe máy tự ngắt khi đầy chống ngược cực có chức năng khử sunfat HÀNG CHÍNH HÃNG sac binh ac quy 12v sac acquy,"173,000", -46%,https://www.lazada.vn/products/pdp-i2084953036-s9779967090.html?pvid=ea8437d1-e456-4d46-9170-fda07d71ba53&search=jfy&scm=1007.17519.386432.0&priceCompare=skuId%3A9779967090%3Bsource%3Atpp-recommend-plugin-32104%3Bsn%3Aea8437d1-e456-4d46-9170-fda07d71ba53%3BoriginPrice%3A173000%3BdisplayPrice%3A173000%3BsinglePromotionId%3A900000051768079%3BsingleToolCode%3ApromPrice%3BvoucherPricePlugin%3A0%3Btimestamp%3A1757734797574,No image,98,(106)
Kun Sôcôla lúa mạch có Thạch thùng 48 hộp x 170ml,"424,000", -10%,https://www.lazada.vn/products/pdp-i2952535860-s14244038325.html?pvid=ea8437d1-e456-4d46-9170-fda07d71ba53&search=jfy&scm=1007.17519.386432.0&priceCompare=skuId%3A14244038325%3Bsource%3Atpp-recommend-plugin-32104%3Bsn%3Aea8437d1-e456-4d46-9170-fda07d71ba53%3BoriginPrice%3A424000%3BdisplayPrice%3A424000%3BsinglePromotionId%3A900000052352222%3BsingleToolCode%3AflashSale%3BvoucherPricePlugin%3A0%3Btimestamp%3A1757734797574,No image,100,(313)
"(Loại 1) Giày Thể Thao Siêu Nhẹ Cho Bé Trai Bé Gái, Giày Đi Học Cho Bé Gái, Giày Bé Trai Phối Lưới Thoáng Khí Đế Mềm Chống Trượt","97,000", -40%,https://www.lazada.vn/products/pdp-i2346166830-s11411074441.html?pvid=ea8437d1-e456-4d46-9170-fda07d71ba53&search=jfy&scm=1007.17519.386432.0&priceCompare=skuId%3A11411074441%3Bsource%3Atpp-recommend-plugin-32104%3Bsn%3Aea8437d1-e456-4d46-9170-fda07d71ba53%3BoriginPrice%3A97000%3BdisplayPrice%3A97000%3BsinglePromotionId%3A-1%3BsingleToolCode%3AmockedSalePrice%3BvoucherPricePlugin%3A0%3Btimestamp%3A1757734797574,https://img.lazcdn.com/g/p/847c5834bff4ba5df85b54151d8da887.jpg_400x400q80.jpg,100,(157)
Thùng 24 Lon Nước Tăng Lực Sting Vàng (320ml/lon),"205,000", -15%,https://www.lazada.vn/products/pdp-i2041467200-s9528109171.html?pvid=ea8437d1-e456-4d46-9170-fda07d71ba53&search=jfy&scm=1007.17519.386432.0&priceCompare=skuId%3A9528109171%3Bsource%3Atpp-recommend-plugin-32104%3Bsn%3Aea8437d1-e456-4d46-9170-fda07d71ba53%3BoriginPrice%3A205000%3BdisplayPrice%3A205000%3BsinglePromotionId%3A900000052384018%3BsingleToolCode%3AmillionSubsidy%3BvoucherPricePlugin%3A0%3Btimestamp%3A1757734797574,No image,100,(4039)
Áo polo nam cổ bẻ BASIC thiết kế hoạ tiết Monogram hiếm có khó tìm đẳng cấp 2025 - B01,"130,000", -48%,https://www.lazada.vn/products/pdp-i3057887621-s14708957680.html?pvid=ea8437d1-e456-4d46-9170-fda07d71ba53&search=jfy&scm=1007.17519.386432.0&priceCompare=skuId%3A14708957680%3Bsource%3Atpp-recommend-plugin-32104%3Bsn%3Aea8437d1-e456-4d46-9170-fda07d71ba53%3BoriginPrice%3A130000%3BdisplayPrice%3A130000%3BsinglePromotionId%3A-1%3BsingleToolCode%3AmockedSalePrice%3BvoucherPricePlugin%3A0%3Btimestamp%3A1757734797574,https://img.lazcdn.com/g/p/d1fae2515a2357ce1ced76b74e6a7404.jpg_400x400q80.jpg,96,(210)
"[Fr] Dao rọc giấy cán inox KX có lưỡi thép cắt sắc bén cho công việc văn phòng, có ốc tăng đưa vô cùng tiện dụng cán dao bằng","5,500", -50%,https://www.lazada.vn/products/pdp-i2893377094-s13978384634.html?pvid=ea8437d1-e456-4d46-9170-fda07d71ba53&search=jfy&scm=1007.17519.386432.0&priceCompare=skuId%3A13978384634%3Bsource%3Atpp-recommend-plugin-32104%3Bsn%3Aea8437d1-e456-4d46-9170-fda07d71ba53%3BoriginPrice%3A5500%3BdisplayPrice%3A5500%3BsinglePromotionId%3A-1%3BsingleToolCode%3AmockedSalePrice%3BvoucherPricePlugin%3A0%3Btimestamp%3A1757734797574,https://img.lazcdn.com/g/p/cc52bba84e4250907a4ac113f963f8a0.jpg_400x400q80.jpg,96,(37)
"Hộp 100 Cái=50 Đôi Găng Tay Cao Su Không Bột VINYL Màu Đen Trắng Xanh Trong Suốt Size S,M,L Dùng Chế Biến, Thẩm Mỹ, Xăm","59,900", -50%,https://www.lazada.vn/products/pdp-i1606250473-s9791970551.html?pvid=ea8437d1-e456-4d46-9170-fda07d71ba53&search=jfy&scm=1007.17519.386432.0&priceCompare=skuId%3A9791970551%3Bsource%3Atpp-recommend-plugin-32104%3Bsn%3Aea8437d1-e456-4d46-9170-fda07d71ba53%3BoriginPrice%3A59900%3BdisplayPrice%3A59900%3BsinglePromotionId%3A900000052454030%3BsingleToolCode%3AstoreFlashSale%3BvoucherPricePlugin%3A0%3Btimestamp%3A1757734797574,https://img.lazcdn.com/g/ff/kf/S9068282643f84ea291a44568a788bd7fC.jpg_400x400q80.jpg,98,(495)
Bộ móc khóa Bát tụ bảo phong thủy 12 con giáp tài lộc gồm 5 món làm bằng hợp kim kẽm và đồng thau,"44,900", -36%,https://www.lazada.vn/products/pdp-i3079615608-s14788435916.html?pvid=ea8437d1-e456-4d46-9170-fda07d71ba53&search=jfy&scm=1007.17519.386432.0&priceCompare=skuId%3A14788435916%3Bsource%3Atpp-recommend-plugin-32104%3Bsn%3Aea8437d1-e456-4d46-9170-fda07d71ba53%3BoriginPrice%3A44900%3BdisplayPrice%3A44900%3BsinglePromotionId%3A900000052212796%3BsingleToolCode%3ApromPrice%3BvoucherPricePlugin%3A0%3Btimestamp%3A1757734797574,https://img.lazcdn.com/g/p/d3cc80348058f4fa02ed5afb9ea32f2a.jpg_400x400q80.jpg,100,(35)
nước mắm hưng thịnh 40 độ đạm 750ml,"90,000",No discount,https://www.lazada.vn/products/pdp-i2232760087-s10721779176.html?pvid=ea8437d1-e456-4d46-9170-fda07d71ba53&search=jfy&scm=1007.17519.386432.0&priceCompare=skuId%3A10721779176%3Bsource%3Atpp-recommend-plugin-32104%3Bsn%3Aea8437d1-e456-4d46-9170-fda07d71ba53%3BoriginPrice%3A90000%3BdisplayPrice%3A90000%3BsinglePromotionId%3A900000052212796%3BsingleToolCode%3ApromPrice%3BvoucherPricePlugin%3A0%3Btimestamp%3A1757734797574,https://img.lazcdn.com/g/ff/kf/S24c53e84a1de4372933fce106ffe635c9.jpg_400x400q80.jpg,100,(605)
[12-13/9 - XU 20%] Kem Đánh Răng CREST Nhập Khẩu Mỹ 3D White Radiant Mint Tuýp 93G,"153,000", -12%,https://www.lazada.vn/products/pdp-i2355905095-s11448854253.html?pvid=ea8437d1-e456-4d46-9170-fda07d71ba53&search=jfy&scm=1007.17519.386432.0&priceCompare=skuId%3A11448854253%3Bsource%3Atpp-recommend-plugin-32104%3Bsn%3Aea8437d1-e456-4d46-9170-fda07d71ba53%3BoriginPrice%3A153000%3BdisplayPrice%3A153000%3BsinglePromotionId%3A900000051332024%3BsingleToolCode%3AflashSale%3BvoucherPricePlugin%3A0%3Btimestamp%3A1757734797574,No image,98,(569)
"Xi kem chuyên sửa chữa đồ da bị vết trầy xước, bong tróc giày, túi ví, áo, ghế da EIDECHSE 50ml XDG08","59,000", -51%,https://www.lazada.vn/products/pdp-i1636794542-s7721195131.html?pvid=ea8437d1-e456-4d46-9170-fda07d71ba53&search=jfy&scm=1007.17519.386432.0&priceCompare=skuId%3A7721195131%3Bsource%3Atpp-recommend-plugin-32104%3Bsn%3Aea8437d1-e456-4d46-9170-fda07d71ba53%3BoriginPrice%3A59000%3BdisplayPrice%3A59000%3BsinglePromotionId%3A-1%3BsingleToolCode%3AmockedSalePrice%3BvoucherPricePlugin%3A0%3Btimestamp%3A1757734797574,No image,98,(465)
"HANAJIRUSHI【CHÍNH HẢNG】Tẩy Trang 380ml (Phiên Bản Mới) + Bông Tẩy Trang 30 Miếng - Sạch Sâu Không Kích Ứng, Dịu Nhẹ Da Nhạy Cảm","169,000", -54%,https://www.lazada.vn/products/pdp-i1609227791-s14815151218.html?pvid=ea8437d1-e456-4d46-9170-fda07d71ba53&search=jfy&scm=1007.17519.386432.0&priceCompare=skuId%3A14815151218%3Bsource%3Atpp-recommend-plugin-32104%3Bsn%3Aea8437d1-e456-4d46-9170-fda07d71ba53%3BoriginPrice%3A169000%3BdisplayPrice%3A169000%3BsinglePromotionId%3A900000052394159%3BsingleToolCode%3AstoreFlashSale%3BvoucherPricePlugin%3A0%3Btimestamp%3A1757734797574,No image,100,(553)
[TẶNG QUÀ] Cà Phê Sầu Riêng Durikopi Hòa Tan - Instant Delight – Hộp 160gr (10 Gói) - Cafe Hòa Tan Chính Hãng Ban Me Gold - REXSUN,"31,680", -1%,https://www.lazada.vn/products/pdp-i2687662481-s14199124825.html?pvid=ea8437d1-e456-4d46-9170-fda07d71ba53&search=jfy&scm=1007.17519.386432.0&priceCompare=skuId%3A14199124825%3Bsource%3Atpp-recommend-plugin-32104%3Bsn%3Aea8437d1-e456-4d46-9170-fda07d71ba53%3BoriginPrice%3A31680%3BdisplayPrice%3A31680%3BsinglePromotionId%3A900000051768079%3BsingleToolCode%3ApromPrice%3BvoucherPricePlugin%3A0%3Btimestamp%3A1757734797574,No image,98,(126)
Ba Rọi Cháy Tỏi Giòn Ngon VIETTIN MART,"87,400", -51%,https://www.lazada.vn/products/pdp-i2296130353-s11139757577.html?pvid=ea8437d1-e456-4d46-9170-fda07d71ba53&search=jfy&scm=1007.17519.386432.0&priceCompare=skuId%3A11139757577%3Bsource%3Atpp-recommend-plugin-32104%3Bsn%3Aea8437d1-e456-4d46-9170-fda07d71ba53%3BoriginPrice%3A87400%3BdisplayPrice%3A87400%3BsinglePromotionId%3A900000051768079%3BsingleToolCode%3ApromPrice%3BvoucherPricePlugin%3A0%3Btimestamp%3A1757734797574,No image,98,(265)
Loa Bluetooth Di Động Bose Soundlink Max,"9,989,000",No discount,https://www.lazada.vn/products/pdp-i2708322385-s13264333868.html?pvid=ea8437d1-e456-4d46-9170-fda07d71ba53&search=jfy&scm=1007.17519.386432.0&priceCompare=skuId%3A13264333868%3Bsource%3Atpp-recommend-plugin-32104%3Bsn%3Aea8437d1-e456-4d46-9170-fda07d71ba53%3BoriginPrice%3A9989000%3BdisplayPrice%3A9989000%3BsinglePromotionId%3A900000052352222%3BsingleToolCode%3AflashSale%3BvoucherPricePlugin%3A0%3Btimestamp%3A1757734797574,No image,100,(17)
Maybelline Super Stay Up To 30H Lumi-Matte Foundation 35ml,"295,000", -15%,https://www.lazada.vn/products/pdp-i2716928867-s13264719364.html?pvid=ea8437d1-e456-4d46-9170-fda07d71ba53&search=jfy&scm=1007.17519.386432.0&priceCompare=skuId%3A13264719364%3Bsource%3Atpp-recommend-plugin-32104%3Bsn%3Aea8437d1-e456-4d46-9170-fda07d71ba53%3BoriginPrice%3A295000%3BdisplayPrice%3A295000%3BsinglePromotionId%3A900000051768079%3BsingleToolCode%3ApromPrice%3BvoucherPricePlugin%3A0%3Btimestamp%3A1757734797574,No image,100,(14)
"Ô Dù Che Mưa Đi Nắng 12 Nan Tự Động Xếp Gấp Gọn, Chống Uv Cao Cấp","99,000", -47%,https://www.lazada.vn/products/pdp-i2257333324-s10876202871.html?pvid=ea8437d1-e456-4d46-9170-fda07d71ba53&search=jfy&scm=1007.17519.386432.0&priceCompare=skuId%3A10876202871%3Bsource%3Atpp-recommend-plugin-32104%3Bsn%3Aea8437d1-e456-4d46-9170-fda07d71ba53%3BoriginPrice%3A99000%3BdisplayPrice%3A99000%3BsinglePromotionId%3A900000052352222%3BsingleToolCode%3AflashSale%3BvoucherPricePlugin%3A0%3Btimestamp%3A1757734797574,No image,98,(272)
Bánh Pía Kim Sa Phúc An - Vị Lá Dứa,"42,000", -9%,https://www.lazada.vn/products/pdp-i2834309427-s13783820000.html?pvid=ea8437d1-e456-4d46-9170-fda07d71ba53&search=jfy&scm=1007.17519.386432.0&priceCompare=skuId%3A13783820000%3Bsource%3Atpp-recommend-plugin-32104%3Bsn%3Aea8437d1-e456-4d46-9170-fda07d71ba53%3BoriginPrice%3A42000%3BdisplayPrice%3A42000%3BsinglePromotionId%3A900000051768079%3BsingleToolCode%3ApromPrice%3BvoucherPricePlugin%3A0%3Btimestamp%3A1757734797574,No image,100,(85)
áo thun chất cotton khô 3158 form rộng tay lỡ - Pa - ris,"55,000", -44%,https://www.lazada.vn/products/pdp-i2646972401-s12914074318.html?pvid=ea8437d1-e456-4d46-9170-fda07d71ba53&search=jfy&scm=1007.17519.386432.0&priceCompare=skuId%3A12914074318%3Bsource%3Atpp-recommend-plugin-32104%3Bsn%3Aea8437d1-e456-4d46-9170-fda07d71ba53%3BoriginPrice%3A55000%3BdisplayPrice%3A55000%3BsinglePromotionId%3A-1%3BsingleToolCode%3AmockedSalePrice%3BvoucherPricePlugin%3A0%3Btimestamp%3A1757734797574,https://img.lazcdn.com/g/ff/kf/S00302c84f2c943b6bb45219b805d1551R.jpg_400x400q80.jpg,90,(127)
UGREEN Miếng lót chuột máy tính để bàn màu trơn cao cấp tiện lợi,"91,575", -7%,https://www.lazada.vn/products/pdp-i3073723267-s14770841278.html?pvid=ea8437d1-e456-4d46-9170-fda07d71ba53&search=jfy&scm=1007.17519.386432.0&priceCompare=skuId%3A14770841278%3Bsource%3Atpp-recommend-plugin-32104%3Bsn%3Aea8437d1-e456-4d46-9170-fda07d71ba53%3BoriginPrice%3A91575%3BdisplayPrice%3A91575%3BsinglePromotionId%3A900000051768079%3BsingleToolCode%3ApromPrice%3BvoucherPricePlugin%3A0%3Btimestamp%3A1757734797574,No image,100,(46)
"A combo of 4 derailleur shampoo and Dego pharmaceutical White active shampoo-dipper shampoo, mushroom shampoo, itchy, improve white scaling, horn, candle scales, reduce hair loss and promote growth-imported from Germany material","599,000", -62%,https://www.lazada.vn/products/pdp-i1118970610-s3936828801.html?pvid=ea8437d1-e456-4d46-9170-fda07d71ba53&search=jfy&scm=1007.17519.386432.0&priceCompare=skuId%3A3936828801%3Bsource%3Atpp-recommend-plugin-32104%3Bsn%3Aea8437d1-e456-4d46-9170-fda07d71ba53%3BoriginPrice%3A599000%3BdisplayPrice%3A599000%3BsinglePromotionId%3A900000052352222%3BsingleToolCode%3AflashSale%3BvoucherPricePlugin%3A0%3Btimestamp%3A1757734797574,No image,100,(440)
[300 offer 30 packs + M &'s ceramic cup] Combo 3 PCs sing-gum cool air mint-eucalyptus 100 bag 2 PCs candy,"287,000", -10%,https://www.lazada.vn/products/pdp-i3121994091-s14918848912.html?pvid=ea8437d1-e456-4d46-9170-fda07d71ba53&search=jfy&scm=1007.17519.386432.0&priceCompare=skuId%3A14918848912%3Bsource%3Atpp-recommend-plugin-32104%3Bsn%3Aea8437d1-e456-4d46-9170-fda07d71ba53%3BoriginPrice%3A287000%3BdisplayPrice%3A287000%3BsinglePromotionId%3A900000052212796%3BsingleToolCode%3ApromPrice%3BvoucherPricePlugin%3A0%3Btimestamp%3A1757734797574,No image,100,(76)
[HCM]Băng Bảo Vệ Đầu Gối Dán Gối Aolikes A-7618 (Kèm Lò Xo),"105,000", -30%,https://www.lazada.vn/products/pdp-i637500481-s1505780368.html?pvid=ea8437d1-e456-4d46-9170-fda07d71ba53&search=jfy&scm=1007.17519.386432.0&priceCompare=skuId%3A1505780368%3Bsource%3Atpp-recommend-plugin-32104%3Bsn%3Aea8437d1-e456-4d46-9170-fda07d71ba53%3BoriginPrice%3A105000%3BdisplayPrice%3A105000%3BsinglePromotionId%3A900000052212796%3BsingleToolCode%3ApromPrice%3BvoucherPricePlugin%3A0%3Btimestamp%3A1757734797574,No image,98,(604)
"[SỐC CỦA SALE] điện thoại RENO4 Z 5G 2sim ram 12G/256G máy Chính Hãng, Cấu hình Cao khủng, Chiến mọi game nặng siêu mượt,  PNBN3","268,000", -34%,https://www.lazada.vn/products/pdp-i2859783219-s13882152970.html?pvid=4e980931-6ebc-481a-9e9d-ac4410395f2f&search=jfy&scm=1007.17519.386432.0&priceCompare=skuId%3A13882152970%3Bsource%3Atpp-recommend-plugin-32104%3Bsn%3A4e980931-6ebc-481a-9e9d-ac4410395f2f%3BoriginPrice%3A268000%3BdisplayPrice%3A268000%3BsinglePromotionId%3A-1%3BsingleToolCode%3AmockedSalePrice%3BvoucherPricePlugin%3A0%3Btimestamp%3A1757734805648,https://img.lazcdn.com/g/p/c1831293619940a5e34506def85ec508.jpg_400x400q80.jpg,94,(96)
Gương kiếng chiếu hậu trái phải Ex150 chân cong gọn gàng và gắn được nhiều dòng xe yamaha ( cặp trái phải ) có bán lẻ 1 bên,"15,246", -53%,https://www.lazada.vn/products/pdp-i2417765349-s11951771631.html?pvid=4e980931-6ebc-481a-9e9d-ac4410395f2f&search=jfy&scm=1007.17519.386432.0&priceCompare=skuId%3A11951771631%3Bsource%3Atpp-recommend-plugin-32104%3Bsn%3A4e980931-6ebc-481a-9e9d-ac4410395f2f%3BoriginPrice%3A15246%3BdisplayPrice%3A15246%3BsinglePromotionId%3A900000051768079%3BsingleToolCode%3ApromPrice%3BvoucherPricePlugin%3A0%3Btimestamp%3A1757734805648,https://img.lazcdn.com/g/p/58aad4727ab0d56f27e39fc19b50a5ed.jpg_400x400q80.jpg,94,(472)
"Bộ quần áo bóng đá, đồ đá banh, bộ đồ thể thao Bulbal CLB  siêu thấm hút mồ hôi kháng khuẩn không gây mùi cơ thể","39,000", -72%,https://www.lazada.vn/products/pdp-i1356425180-s5600169957.html?pvid=4e980931-6ebc-481a-9e9d-ac4410395f2f&search=jfy&scm=1007.17519.386432.0&priceCompare=skuId%3A5600169957%3Bsource%3Atpp-recommend-plugin-32104%3Bsn%3A4e980931-6ebc-481a-9e9d-ac4410395f2f%3BoriginPrice%3A39000%3BdisplayPrice%3A39000%3BsinglePromotionId%3A900000052330253%3BsingleToolCode%3AstoreFlashSale%3BvoucherPricePlugin%3A0%3Btimestamp%3A1757734805648,No image,98,(2971)
"Khăn Tắm, Khăn Gội Đầu, Khăn Lau Mặt LOTUS TOWEL 100% Cotton Cao Cấp Mềm Mịn, Thấm Hút, Không Ra Màu","8,268", -56%,https://www.lazada.vn/products/pdp-i2395666012-s11669996087.html?pvid=4e980931-6ebc-481a-9e9d-ac4410395f2f&search=jfy&scm=1007.17519.386432.0&priceCompare=skuId%3A11669996087%3Bsource%3Atpp-recommend-plugin-32104%3Bsn%3A4e980931-6ebc-481a-9e9d-ac4410395f2f%3BoriginPrice%3A8268%3BdisplayPrice%3A8268%3BsinglePromotionId%3A900000052212796%3BsingleToolCode%3ApromPrice%3BvoucherPricePlugin%3A0%3Btimestamp%3A1757734805648,No image,98,(6900)
Bộ 12 hộp Creamer đặc có đường Tài Lộc - Hộp giấy 380g,"188,568", -19%,https://www.lazada.vn/products/pdp-i2477436842-s12132298910.html?pvid=4e980931-6ebc-481a-9e9d-ac4410395f2f&search=jfy&scm=1007.17519.386432.0&priceCompare=skuId%3A12132298910%3Bsource%3Atpp-recommend-plugin-32104%3Bsn%3A4e980931-6ebc-481a-9e9d-ac4410395f2f%3BoriginPrice%3A188568%3BdisplayPrice%3A188568%3BsinglePromotionId%3A900000052212796%3BsingleToolCode%3ApromPrice%3BvoucherPricePlugin%3A0%3Btimestamp%3A1757734805648,No image,100,(5451)
"Điện thoại giá rẻ Samsung Galaxy A71 2sim ram 8G/128G, Cấu hình Cao Chiến mọi Game mượt, Chụp ảnh đẹp, - BM1MS","268,000",No discount,https://www.lazada.vn/products/pdp-i2917431472-s14091233096.html?pvid=4e980931-6ebc-481a-9e9d-ac4410395f2f&search=jfy&scm=1007.17519.386432.0&priceCompare=skuId%3A14091233096%3Bsource%3Atpp-recommend-plugin-32104%3Bsn%3A4e980931-6ebc-481a-9e9d-ac4410395f2f%3BoriginPrice%3A268000%3BdisplayPrice%3A268000%3BsinglePromotionId%3A-1%3BsingleToolCode%3A-1%3BvoucherPricePlugin%3A0%3Btimestamp%3A1757734805648,https://img.lazcdn.com/g/p/e90f118a583b0a94b8d68a63ea03f6e4.jpg_400x400q80.jpg,92,(52)
"DAIMEISHU Star bracelet design, versatile whitening and sweet bracelet","10,000", -83%,https://www.lazada.vn/products/pdp-i3001799169-s14464668354.html?pvid=4e980931-6ebc-481a-9e9d-ac4410395f2f&search=jfy&scm=1007.17519.386432.0&priceCompare=skuId%3A14464668354%3Bsource%3Atpp-recommend-plugin-32104%3Bsn%3A4e980931-6ebc-481a-9e9d-ac4410395f2f%3BoriginPrice%3A10000%3BdisplayPrice%3A10000%3BsinglePromotionId%3A-1%3BsingleToolCode%3AmockedSalePrice%3BvoucherPricePlugin%3A0%3Btimestamp%3A1757734805648,No image,98,(842)
Lifebuoy Detox and Protects from Bacteria Hasaki Shower Gel Genuine Product,"170,000", -21%,https://www.lazada.vn/products/pdp-i2704857531-s13211949982.html?pvid=4e980931-6ebc-481a-9e9d-ac4410395f2f&search=jfy&scm=1007.17519.386432.0&priceCompare=skuId%3A13211949982%3Bsource%3Atpp-recommend-plugin-32104%3Bsn%3A4e980931-6ebc-481a-9e9d-ac4410395f2f%3BoriginPrice%3A170000%3BdisplayPrice%3A170000%3BsinglePromotionId%3A900000051768079%3BsingleToolCode%3ApromPrice%3BvoucherPricePlugin%3A0%3Btimestamp%3A1757734805648,No image,100,(1212)
"Lưỡi Dao - Máy Xay Thịt Đa Năng, Máy Xay Thịt 2L, Loại 4 Lưỡi Kép Sắc Bén Không Rỉ","16,000", -47%,https://www.lazada.vn/products/pdp-i2474372422-s12116442781.html?pvid=4e980931-6ebc-481a-9e9d-ac4410395f2f&search=jfy&scm=1007.17519.386432.0&priceCompare=skuId%3A12116442781%3Bsource%3Atpp-recommend-plugin-32104%3Bsn%3A4e980931-6ebc-481a-9e9d-ac4410395f2f%3BoriginPrice%3A16000%3BdisplayPrice%3A16000%3BsinglePromotionId%3A900000052212796%3BsingleToolCode%3ApromPrice%3BvoucherPricePlugin%3A0%3Btimestamp%3A1757734805649,https://img.lazcdn.com/g/p/a5c84d6e001c13620973ece8eda50a83.jpg_400x400q80.jpg,90,(89)
"Thức Uống Dinh Dưỡng Want Want Opao Thùng 125ml Nhiều Vị, Sữa Chua Uống Tiệt Trùng Tự Nhiên","198,000",No discount,https://www.lazada.vn/products/pdp-i2955209674-s14252188277.html?pvid=4e980931-6ebc-481a-9e9d-ac4410395f2f&search=jfy&scm=1007.17519.386432.0&priceCompare=skuId%3A14252188277%3Bsource%3Atpp-recommend-plugin-32104%3Bsn%3A4e980931-6ebc-481a-9e9d-ac4410395f2f%3BoriginPrice%3A198000%3BdisplayPrice%3A198000%3BsinglePromotionId%3A-1%3BsingleToolCode%3A-1%3BvoucherPricePlugin%3A0%3Btimestamp%3A1757734805648,No image,98,(1983)
Thùng 24 Lon Nước Ngọt Có Gaz Mirinda Dứa (320ml/lon),"214,000", -14%,https://www.lazada.vn/products/pdp-i3101460207-s14862407574.html?pvid=4e980931-6ebc-481a-9e9d-ac4410395f2f&search=jfy&scm=1007.17519.386432.0&priceCompare=skuId%3A14862407574%3Bsource%3Atpp-recommend-plugin-32104%3Bsn%3A4e980931-6ebc-481a-9e9d-ac4410395f2f%3BoriginPrice%3A214000%3BdisplayPrice%3A214000%3BsinglePromotionId%3A900000052212796%3BsingleToolCode%3ApromPrice%3BvoucherPricePlugin%3A0%3Btimestamp%3A1757734805648,No image,98,(80)
Combo 2 túi Nước giặt OMO Matic  túi 3.6/3.9/4.1kg (bao bì tùy lô nhập hàng),"436,000", -16%,https://www.lazada.vn/products/pdp-i973448271-s12863367926.html?pvid=4e980931-6ebc-481a-9e9d-ac4410395f2f&search=jfy&scm=1007.17519.386432.0&priceCompare=skuId%3A12863367926%3Bsource%3Atpp-recommend-plugin-32104%3Bsn%3A4e980931-6ebc-481a-9e9d-ac4410395f2f%3BoriginPrice%3A436000%3BdisplayPrice%3A436000%3BsinglePromotionId%3A900000052384018%3BsingleToolCode%3AmillionSubsidy%3BvoucherPricePlugin%3A0%3Btimestamp%3A1757734805648,No image,100,(40289)
"[MUA 5 TẶNG 1] Khăn giấy lụa, khăn đa năng PREMIER VinaTissue 2 lớp 100% bột giấy nguyên sinh, không chất tẩy 280 tờ","101,000", -46%,https://www.lazada.vn/products/pdp-i1465875113-s6080623320.html?pvid=4e980931-6ebc-481a-9e9d-ac4410395f2f&search=jfy&scm=1007.17519.386432.0&priceCompare=skuId%3A6080623320%3Bsource%3Atpp-recommend-plugin-32104%3Bsn%3A4e980931-6ebc-481a-9e9d-ac4410395f2f%3BoriginPrice%3A101000%3BdisplayPrice%3A101000%3BsinglePromotionId%3A900000052352222%3BsingleToolCode%3AflashSale%3BvoucherPricePlugin%3A0%3Btimestamp%3A1757734805648,No image,100,(5946)
"Quạt Tích Điện Kẹp Bàn Mini 5 Mức Gió Có Đèn LED,  Cao Cấp Đa Năng Màu Ngẫu Nhiên Cao Cấp","54,398", -39%,https://www.lazada.vn/products/pdp-i3090693790-s14833027391.html?pvid=4e980931-6ebc-481a-9e9d-ac4410395f2f&search=jfy&scm=1007.17519.386432.0&priceCompare=skuId%3A14833027391%3Bsource%3Atpp-recommend-plugin-32104%3Bsn%3A4e980931-6ebc-481a-9e9d-ac4410395f2f%3BoriginPrice%3A54398%3BdisplayPrice%3A54398%3BsinglePromotionId%3A900000052212796%3BsingleToolCode%3ApromPrice%3BvoucherPricePlugin%3A0%3Btimestamp%3A1757734805648,https://img.lazcdn.com/g/p/b584b7de99408f39691b182736a2e64e.jpg_400x400q80.jpg,96,(25)
VINTLOOK 66W/120W Android super fast charging charger suitable for type-c interface,"9,000", -40%,https://www.lazada.vn/products/pdp-i3086978477-s14817240642.html?pvid=4e980931-6ebc-481a-9e9d-ac4410395f2f&search=jfy&scm=1007.17519.386432.0&priceCompare=skuId%3A14817240642%3Bsource%3Atpp-recommend-plugin-32104%3Bsn%3A4e980931-6ebc-481a-9e9d-ac4410395f2f%3BoriginPrice%3A9000%3BdisplayPrice%3A9000%3BsinglePromotionId%3A-1%3BsingleToolCode%3AmockedSalePrice%3BvoucherPricePlugin%3A0%3Btimestamp%3A1757734805648,No image,84,(1404)
Outtobe Mini Torch Light Keychain Light Outdoor Portable Mini Flashlight 180° Rotation Dual Light Source Ultra Light Strong Light Waterproof Red/Blue Floodlight Strong  Adsorption Base Hat Clip Design,"98,000", -62%,https://www.lazada.vn/products/pdp-i2724835680-s13313910957.html?pvid=4e980931-6ebc-481a-9e9d-ac4410395f2f&search=jfy&scm=1007.17519.386432.0&priceCompare=skuId%3A13313910957%3Bsource%3Atpp-recommend-plugin-32104%3Bsn%3A4e980931-6ebc-481a-9e9d-ac4410395f2f%3BoriginPrice%3A98000%3BdisplayPrice%3A98000%3BsinglePromotionId%3A900000051332024%3BsingleToolCode%3AflashSale%3BvoucherPricePlugin%3A0%3Btimestamp%3A1757734805648,No image,98,(150)
"Set of 2 Colgate Antibacterial, Alcohol-Free Mouthwash 500Ml/Bottle","125,000", -40%,https://www.lazada.vn/products/pdp-i872900036-s11543971699.html?pvid=4e980931-6ebc-481a-9e9d-ac4410395f2f&search=jfy&scm=1007.17519.386432.0&priceCompare=skuId%3A11543971699%3Bsource%3Atpp-recommend-plugin-32104%3Bsn%3A4e980931-6ebc-481a-9e9d-ac4410395f2f%3BoriginPrice%3A125000%3BdisplayPrice%3A125000%3BsinglePromotionId%3A900000052352222%3BsingleToolCode%3AflashSale%3BvoucherPricePlugin%3A0%3Btimestamp%3A1757734805648,No image,98,(3503)
"[ Độc Quyền Online ] Hộp Bánh Trung Thu Kinh Đô Cao Cấp ""Chuyến Tàu Ánh Trăng"" (4 Bánh X 150G)","387,000", -16%,https://www.lazada.vn/products/pdp-i2383608717-s11589043525.html?pvid=4e980931-6ebc-481a-9e9d-ac4410395f2f&search=jfy&scm=1007.17519.386432.0&priceCompare=skuId%3A11589043525%3Bsource%3Atpp-recommend-plugin-32104%3Bsn%3A4e980931-6ebc-481a-9e9d-ac4410395f2f%3BoriginPrice%3A387000%3BdisplayPrice%3A387000%3BsinglePromotionId%3A900000052416140%3BsingleToolCode%3AmillionSubsidy%3BvoucherPricePlugin%3A0%3Btimestamp%3A1757734805648,No image,98,(831)
[VC 15% tối đa 80K đơn 399K] Sữa Rửa Mặt Simple lành tính và hiệu quả cho mọi loại da 150ml,"112,000", -20%,https://www.lazada.vn/products/pdp-i1472744963-s6121344095.html?pvid=4e980931-6ebc-481a-9e9d-ac4410395f2f&search=jfy&scm=1007.17519.386432.0&priceCompare=skuId%3A6121344095%3Bsource%3Atpp-recommend-plugin-32104%3Bsn%3A4e980931-6ebc-481a-9e9d-ac4410395f2f%3BoriginPrice%3A112000%3BdisplayPrice%3A112000%3BsinglePromotionId%3A900000052384018%3BsingleToolCode%3AmillionSubsidy%3BvoucherPricePlugin%3A0%3Btimestamp%3A1757734805648,No image,100,(11887)
Bộ 6 hộp Creamer đặc có đường Tài Lộc - Hộp giấy 380g,"94,284", -19%,https://www.lazada.vn/products/pdp-i2421017638-s11928324586.html?pvid=4e980931-6ebc-481a-9e9d-ac4410395f2f&search=jfy&scm=1007.17519.386432.0&priceCompare=skuId%3A11928324586%3Bsource%3Atpp-recommend-plugin-32104%3Bsn%3A4e980931-6ebc-481a-9e9d-ac4410395f2f%3BoriginPrice%3A94284%3BdisplayPrice%3A94284%3BsinglePromotionId%3A900000052212796%3BsingleToolCode%3ApromPrice%3BvoucherPricePlugin%3A0%3Btimestamp%3A1757734805648,No image,100,(23808)
Tai nghe X55TWS Bluetooth 5.49 mới Thiết kế đơn giản Mic LED Hiển thị Giảm tiếng ồn HIFI Tai nghe không dây Tai nghe Mini chống nước khi ngủ Tai nghe âm thanh nổi,"56,000", -30%,https://www.lazada.vn/products/pdp-i3124362431-s14977205547.html?pvid=3bc24c63-f954-4926-ba1f-e7948a0bb978&search=jfy&scm=1007.17519.386432.0&priceCompare=skuId%3A14977205547%3Bsource%3Atpp-recommend-plugin-32104%3Bsn%3A3bc24c63-f954-4926-ba1f-e7948a0bb978%3BoriginPrice%3A56000%3BdisplayPrice%3A56000%3BsinglePromotionId%3A-1%3BsingleToolCode%3AmockedSalePrice%3BvoucherPricePlugin%3A0%3Btimestamp%3A1757734813798,https://img.lazcdn.com/g/ff/kf/S36684693c9304b9bad6dd99d52bdb80cp.jpg_400x400q80.jpg,98,(67)
VINTLOOK 120W Multi-Port Fast Charging Charger Dual PD + Dual Type-c Mobile Phone Charging Plug,"29,000", -46%,https://www.lazada.vn/products/pdp-i3036168876-s14605057350.html?pvid=3bc24c63-f954-4926-ba1f-e7948a0bb978&search=jfy&scm=1007.17519.386432.0&priceCompare=skuId%3A14605057350%3Bsource%3Atpp-recommend-plugin-32104%3Bsn%3A3bc24c63-f954-4926-ba1f-e7948a0bb978%3BoriginPrice%3A29000%3BdisplayPrice%3A29000%3BsinglePromotionId%3A-1%3BsingleToolCode%3AmockedSalePrice%3BvoucherPricePlugin%3A0%3Btimestamp%3A1757734813798,No image,94,(568)
"Vận chuyển nhanh!100/50 miếng bỉm quần/ dán Baby Pants , hàng xuất Nhật, bỉm mềm, mỏng, thấm hút tốt, hàng chính hãng.size S M L XL XXL XXXL XXXXL","92,000", -6%,https://www.lazada.vn/products/pdp-i2600208985-s12667980453.html?pvid=3bc24c63-f954-4926-ba1f-e7948a0bb978&search=jfy&scm=1007.17519.386432.0&priceCompare=skuId%3A12667980453%3Bsource%3Atpp-recommend-plugin-32104%3Bsn%3A3bc24c63-f954-4926-ba1f-e7948a0bb978%3BoriginPrice%3A92000%3BdisplayPrice%3A92000%3BsinglePromotionId%3A-1%3BsingleToolCode%3AmockedSalePrice%3BvoucherPricePlugin%3A0%3Btimestamp%3A1757734813798,No image,98,(3379)
"Mạch quạt điều khiển từ xa LOẠI TỐT TIẾNG VIỆT MẠCH TO IC 14 CHÂN CÓ CẦU CHÌ BẢO VỆ CHẤT LƯỢNG CAO dành cho các loại quạt điện, quạt đứng bàn quạt cây...CÓ SƠ ĐỒ HƯỚNG DẪN ĐẤU NỐI","32,500", -47%,https://www.lazada.vn/products/pdp-i2046501954-s9553006298.html?pvid=3bc24c63-f954-4926-ba1f-e7948a0bb978&search=jfy&scm=1007.17519.386432.0&priceCompare=skuId%3A9553006298%3Bsource%3Atpp-recommend-plugin-32104%3Bsn%3A3bc24c63-f954-4926-ba1f-e7948a0bb978%3BoriginPrice%3A32500%3BdisplayPrice%3A32500%3BsinglePromotionId%3A900000051768079%3BsingleToolCode%3ApromPrice%3BvoucherPricePlugin%3A0%3Btimestamp%3A1757734813798,No image,98,(1738)
"Áo Mưa Bộ VIP BOLY  , Siêu Bền Không Thấm Nước Size Từ 45 Tới 90Kg TẶNG KÈM 10 KHẨU TRANG KHÔNG VAN","109,956", -52%,https://www.lazada.vn/products/pdp-i2704407049-s14530962514.html?pvid=3bc24c63-f954-4926-ba1f-e7948a0bb978&search=jfy&scm=1007.17519.386432.0&priceCompare=skuId%3A14530962514%3Bsource%3Atpp-recommend-plugin-32104%3Bsn%3A3bc24c63-f954-4926-ba1f-e7948a0bb978%3BoriginPrice%3A109956%3BdisplayPrice%3A109956%3BsinglePromotionId%3A900000052212796%3BsingleToolCode%3ApromPrice%3BvoucherPricePlugin%3A0%3Btimestamp%3A1757734813798,https://img.lazcdn.com/g/p/3587215533f9e5800e370265407db836.jpg_400x400q80.jpg,94,(57)
Combo 2 Nước Giặt Xả Chanté Cao Cấp 8 Trong 1 Túi X 3.4Kg/3.05KG,"210,000", -31%,https://www.lazada.vn/products/pdp-i2688884900-s14002900143.html?pvid=3bc24c63-f954-4926-ba1f-e7948a0bb978&search=jfy&scm=1007.17519.386432.0&priceCompare=skuId%3A14002900143%3Bsource%3Atpp-recommend-plugin-32104%3Bsn%3A3bc24c63-f954-4926-ba1f-e7948a0bb978%3BoriginPrice%3A210000%3BdisplayPrice%3A210000%3BsinglePromotionId%3A900000052384018%3BsingleToolCode%3AmillionSubsidy%3BvoucherPricePlugin%3A0%3Btimestamp%3A1757734813798,No image,100,(4582)
Giày Thể Thao Nam Mặt Lưới Mẫu Mới Mùa Hè Giày Nam Thoải Mái Thoáng Khí Giày Nam Dễ Phối,"69,000", -44%,https://www.lazada.vn/products/pdp-i2685788367-s13142979999.html?pvid=3bc24c63-f954-4926-ba1f-e7948a0bb978&search=jfy&scm=1007.17519.386432.0&priceCompare=skuId%3A13142979999%3Bsource%3Atpp-recommend-plugin-32104%3Bsn%3A3bc24c63-f954-4926-ba1f-e7948a0bb978%3BoriginPrice%3A69000%3BdisplayPrice%3A69000%3BsinglePromotionId%3A-1%3BsingleToolCode%3AmockedSalePrice%3BvoucherPricePlugin%3A0%3Btimestamp%3A1757734813798,https://img.lazcdn.com/g/p/d2fba7d49f4a3a76e962bdcd9331f78c.jpg_400x400q80.jpg,96,(506)
NẾP BẮC CÁI HOA VÀNG TÚI 1KG HÀNG LOẠI 1,"30,765", -49%,https://www.lazada.vn/products/pdp-i2429686507-s11998756135.html?pvid=3bc24c63-f954-4926-ba1f-e7948a0bb978&search=jfy&scm=1007.17519.386432.0&priceCompare=skuId%3A11998756135%3Bsource%3Atpp-recommend-plugin-32104%3Bsn%3A3bc24c63-f954-4926-ba1f-e7948a0bb978%3BoriginPrice%3A30765%3BdisplayPrice%3A30765%3BsinglePromotionId%3A900000051768079%3BsingleToolCode%3ApromPrice%3BvoucherPricePlugin%3A0%3Btimestamp%3A1757734813798,https://img.lazcdn.com/g/p/c433cf7c71255e998d489eb6b87fb686.png_400x400q80.png,98,(519)
Bếp gas đôi kính công nghệ Nhật Bản,"340,000", -24%,https://www.lazada.vn/products/pdp-i2898678887-s14004754420.html?pvid=3bc24c63-f954-4926-ba1f-e7948a0bb978&search=jfy&scm=1007.17519.386432.0&priceCompare=skuId%3A14004754420%3Bsource%3Atpp-recommend-plugin-32104%3Bsn%3A3bc24c63-f954-4926-ba1f-e7948a0bb978%3BoriginPrice%3A340000%3BdisplayPrice%3A340000%3BsinglePromotionId%3A-1%3BsingleToolCode%3AmockedSalePrice%3BvoucherPricePlugin%3A0%3Btimestamp%3A1757734813798,https://img.lazcdn.com/g/p/9a0a2a213164b39bec1b0fd4abd947b9.png_400x400q80.png,96,(78)
ORICO Type C Fast & Quick Charge Battery Smart Tag 1.5V Lithium Li-ion AAA Battery Rechargeable Bateries,"245,000", -23%,https://www.lazada.vn/products/pdp-i3071908102-s14864230055.html?pvid=3bc24c63-f954-4926-ba1f-e7948a0bb978&search=jfy&scm=1007.17519.386432.0&priceCompare=skuId%3A14864230055%3Bsource%3Atpp-recommend-plugin-32104%3Bsn%3A3bc24c63-f954-4926-ba1f-e7948a0bb978%3BoriginPrice%3A245000%3BdisplayPrice%3A245000%3BsinglePromotionId%3A-1%3BsingleToolCode%3AmockedSalePrice%3BvoucherPricePlugin%3A0%3Btimestamp%3A1757734813798,No image,100,(42)
Camera IMOU A52P 5M 3K Và A32EP 3M QHD 2K Xoay 360 Độ- Đàm Thoại 2 Chiều- Báo Động Chống Trộm- Wifi Trong Nhà Chính Hãng,"449,000", -51%,https://www.lazada.vn/products/pdp-i3085951193-s14812434514.html?pvid=3bc24c63-f954-4926-ba1f-e7948a0bb978&search=jfy&scm=1007.17519.386432.0&priceCompare=skuId%3A14812434514%3Bsource%3Atpp-recommend-plugin-32104%3Bsn%3A3bc24c63-f954-4926-ba1f-e7948a0bb978%3BoriginPrice%3A449000%3BdisplayPrice%3A449000%3BsinglePromotionId%3A900000052212796%3BsingleToolCode%3ApromPrice%3BvoucherPricePlugin%3A0%3Btimestamp%3A1757734813798,https://img.lazcdn.com/g/p/4ab46bef9d10f7b065c275aa28f0d548.jpg_400x400q80.jpg,98,(49)
[12-13/9 - XU 20%] Dầu Gội Xả OLD SPICE Nhập Khẩu Mỹ 2IN1 Hương Nước Hoa Cho Nam Thick & Full/ Pure Sport/ Bearglove Chai 650ML,"244,000", -12%,https://www.lazada.vn/products/pdp-i2062313475-s9635464051.html?pvid=3bc24c63-f954-4926-ba1f-e7948a0bb978&search=jfy&scm=1007.17519.386432.0&priceCompare=skuId%3A9635464051%3Bsource%3Atpp-recommend-plugin-32104%3Bsn%3A3bc24c63-f954-4926-ba1f-e7948a0bb978%3BoriginPrice%3A244000%3BdisplayPrice%3A244000%3BsinglePromotionId%3A900000051332024%3BsingleToolCode%3AflashSale%3BvoucherPricePlugin%3A0%3Btimestamp%3A1757734813798,No image,98,(756)
Fixodent Original 68g Dental Adhesive for Bridges and Implants Made in USA,"132,000", -34%,https://www.lazada.vn/products/pdp-i2600739693-s12669348330.html?pvid=3bc24c63-f954-4926-ba1f-e7948a0bb978&search=jfy&scm=1007.17519.386432.0&priceCompare=skuId%3A12669348330%3Bsource%3Atpp-recommend-plugin-32104%3Bsn%3A3bc24c63-f954-4926-ba1f-e7948a0bb978%3BoriginPrice%3A132000%3BdisplayPrice%3A132000%3BsinglePromotionId%3A-1%3BsingleToolCode%3AmockedSalePrice%3BvoucherPricePlugin%3A0%3Btimestamp%3A1757734813798,https://img.lazcdn.com/g/p/a6c003912e8b5daa122572e36ee33313.jpg_400x400q80.jpg,98,(164)
"Áo sơ mi nam tay ngắn,vải lụa mềm mát thấm hút mô hôi, chuẩn form body cực đẹp","34,000", -77%,https://www.lazada.vn/products/pdp-i2568964787-s14850771739.html?pvid=3bc24c63-f954-4926-ba1f-e7948a0bb978&search=jfy&scm=1007.17519.386432.0&priceCompare=skuId%3A14850771739%3Bsource%3Atpp-recommend-plugin-32104%3Bsn%3A3bc24c63-f954-4926-ba1f-e7948a0bb978%3BoriginPrice%3A34000%3BdisplayPrice%3A34000%3BsinglePromotionId%3A900000051768079%3BsingleToolCode%3ApromPrice%3BvoucherPricePlugin%3A0%3Btimestamp%3A1757734813798,https://img.lazcdn.com/g/p/598cb88a44d7aef37c070725c3890615.jpg_400x400q80.jpg,98,(62)
"(SÀNH ĐIỆU) Ví nam Baellery D003, ví da nam đẹp, bóp nam, bóp da nam, ví nam cao cấp thời trang, sang trọng, đẳng cấp, phong cách Hàn Quốc, 2 màu nâu và đen - GINKA","49,740", -59%,https://www.lazada.vn/products/pdp-i342028306-s5777927196.html?pvid=3bc24c63-f954-4926-ba1f-e7948a0bb978&search=jfy&scm=1007.17519.386432.0&priceCompare=skuId%3A5777927196%3Bsource%3Atpp-recommend-plugin-32104%3Bsn%3A3bc24c63-f954-4926-ba1f-e7948a0bb978%3BoriginPrice%3A49740%3BdisplayPrice%3A49740%3BsinglePromotionId%3A900000052212796%3BsingleToolCode%3ApromPrice%3BvoucherPricePlugin%3A0%3Btimestamp%3A1757734813798,https://img.lazcdn.com/g/p/4153de42aa710584fb0883de8a699432.jpg_400x400q80.jpg,98,(3376)
"NALLCHEER túi du lịch túi xách du lịch túi kéo du lịch Nữa Túi Hành Lý Túi Du Lịch Túi Đựng Đồ Tách Khô Và Ướt Dung Tích Lớn, Mở Rộng Và Có Thể Thu Vào","77,000", -13%,https://www.lazada.vn/products/pdp-i1382119944-s5725848141.html?pvid=3bc24c63-f954-4926-ba1f-e7948a0bb978&search=jfy&scm=1007.17519.386432.0&priceCompare=skuId%3A5725848141%3Bsource%3Atpp-recommend-plugin-32104%3Bsn%3A3bc24c63-f954-4926-ba1f-e7948a0bb978%3BoriginPrice%3A77000%3BdisplayPrice%3A77000%3BsinglePromotionId%3A-1%3BsingleToolCode%3AmockedSalePrice%3BvoucherPricePlugin%3A0%3Btimestamp%3A1757734813798,No image,98,(414)
US Zippo gas-imported genuine product made in USA,"105,600", -4%,https://www.lazada.vn/products/pdp-i1206087963-s4495891568.html?pvid=3bc24c63-f954-4926-ba1f-e7948a0bb978&search=jfy&scm=1007.17519.386432.0&priceCompare=skuId%3A4495891568%3Bsource%3Atpp-recommend-plugin-32104%3Bsn%3A3bc24c63-f954-4926-ba1f-e7948a0bb978%3BoriginPrice%3A105600%3BdisplayPrice%3A105600%3BsinglePromotionId%3A900000052212796%3BsingleToolCode%3ApromPrice%3BvoucherPricePlugin%3A0%3Btimestamp%3A1757734813798,No image,100,(590)
Colla-Juventation Lift 4 Ahc 50ml Anti-Aging Firming Cream and Sleeping Mask,"839,000", -10%,https://www.lazada.vn/products/pdp-i2807533214-s13692078591.html?pvid=3bc24c63-f954-4926-ba1f-e7948a0bb978&search=jfy&scm=1007.17519.386432.0&priceCompare=skuId%3A13692078591%3Bsource%3Atpp-recommend-plugin-32104%3Bsn%3A3bc24c63-f954-4926-ba1f-e7948a0bb978%3BoriginPrice%3A839000%3BdisplayPrice%3A839000%3BsinglePromotionId%3A900000052352222%3BsingleToolCode%3AflashSale%3BvoucherPricePlugin%3A0%3Btimestamp%3A1757734813798,No image,98,(63)
"Bánh Gạo Tuyết Got Rice Want Want Phiên Bản Mới Vị Nguyên Bản Gói 113g, Đồ Ăn Vặt Giòn Ngon, Tiện Lợi","25,500",No discount,https://www.lazada.vn/products/pdp-i3133040649-s14960358341.html?pvid=3bc24c63-f954-4926-ba1f-e7948a0bb978&search=jfy&scm=1007.17519.386432.0&priceCompare=skuId%3A14960358341%3Bsource%3Atpp-recommend-plugin-32104%3Bsn%3A3bc24c63-f954-4926-ba1f-e7948a0bb978%3BoriginPrice%3A25500%3BdisplayPrice%3A25500%3BsinglePromotionId%3A-1%3BsingleToolCode%3A-1%3BvoucherPricePlugin%3A0%3Btimestamp%3A1757734813798,No image,100,(177)
"(Combo 2 Túi 500g) 1Kg Táo Đỏ Tân Cương Size Trung Loại Ngon Ngọt Chắc Thịt Dùng Nấu Chè Dưỡng Nhan, Trà Thảo Mộc, Chưng Yến, Táo Tàu","96,000", -44%,https://www.lazada.vn/products/pdp-i2808785802-s13697789285.html?pvid=3bc24c63-f954-4926-ba1f-e7948a0bb978&search=jfy&scm=1007.17519.386432.0&priceCompare=skuId%3A13697789285%3Bsource%3Atpp-recommend-plugin-32104%3Bsn%3A3bc24c63-f954-4926-ba1f-e7948a0bb978%3BoriginPrice%3A96000%3BdisplayPrice%3A96000%3BsinglePromotionId%3A-1%3BsingleToolCode%3AmockedSalePrice%3BvoucherPricePlugin%3A0%3Btimestamp%3A1757734813798,https://img.lazcdn.com/g/p/73703aa71f8122f8e6ca4440177a8fb9.png_400x400q80.png,100,(46)
Giá đỡ điện thoại có loa Giá đỡ điện thoại di động 2 trong 1 Giá đỡ điện thoại xoay 360 độ với đế chống trượt âm thanh vòm 9D,"67,312", -62%,https://www.lazada.vn/products/pdp-i3003538919-s14471332554.html?pvid=3bc24c63-f954-4926-ba1f-e7948a0bb978&search=jfy&scm=1007.17519.386432.0&priceCompare=skuId%3A14471332554%3Bsource%3Atpp-recommend-plugin-32104%3Bsn%3A3bc24c63-f954-4926-ba1f-e7948a0bb978%3BoriginPrice%3A67312%3BdisplayPrice%3A67312%3BsinglePromotionId%3A900000051332024%3BsingleToolCode%3AflashSale%3BvoucherPricePlugin%3A0%3Btimestamp%3A1757734813798,https://img.lazcdn.com/g/p/4307f1bba513a1b45cacbd5f58de9543.jpg_400x400q80.jpg,96,(128)
[CHỈ 20H 08-13/9 MUA LÀ CÓ QUÀ] Sữa Bột Enfagrow A+ Neuropro 4 Với 2’-FL HMO Cho Trẻ Từ 2 – 6 Tuổi – 1.7kg,"899,000", -5%,https://www.lazada.vn/products/pdp-i1435298427-s5941662476.html?pvid=3bc24c63-f954-4926-ba1f-e7948a0bb978&search=jfy&scm=1007.17519.386432.0&priceCompare=skuId%3A5941662476%3Bsource%3Atpp-recommend-plugin-32104%3Bsn%3A3bc24c63-f954-4926-ba1f-e7948a0bb978%3BoriginPrice%3A899000%3BdisplayPrice%3A899000%3BsinglePromotionId%3A900000052352222%3BsingleToolCode%3AflashSale%3BvoucherPricePlugin%3A0%3Btimestamp%3A1757734813798,No image,100,(2185)
Set of 2 Palmolive Shower Gel with Milk and Black Orchid Extract 1L,"375,000", -18%,https://www.lazada.vn/products/pdp-i3159086343-s15042771297.html?pvid=3bc24c63-f954-4926-ba1f-e7948a0bb978&search=jfy&scm=1007.17519.386432.0&priceCompare=skuId%3A15042771297%3Bsource%3Atpp-recommend-plugin-32104%3Bsn%3A3bc24c63-f954-4926-ba1f-e7948a0bb978%3BoriginPrice%3A375000%3BdisplayPrice%3A375000%3BsinglePromotionId%3A900000052352222%3BsingleToolCode%3AflashSale%3BvoucherPricePlugin%3A0%3Btimestamp%3A1757734813798,No image,100,(15)
Quạt cầm tay mini tích điện có chân để bàn nhỏ gọn 5 tốc độ gió mát làm lạnh nhanh - Gutek ZR-C01,"138,580", -52%,https://www.lazada.vn/products/pdp-i3107823963-s14881888084.html?pvid=3bc24c63-f954-4926-ba1f-e7948a0bb978&search=jfy&scm=1007.17519.386432.0&priceCompare=skuId%3A14881888084%3Bsource%3Atpp-recommend-plugin-32104%3Bsn%3A3bc24c63-f954-4926-ba1f-e7948a0bb978%3BoriginPrice%3A138580%3BdisplayPrice%3A138580%3BsinglePromotionId%3A900000052212796%3BsingleToolCode%3ApromPrice%3BvoucherPricePlugin%3A0%3Btimestamp%3A1757734813798,No image,100,(20)
Thùng 48 hộp sữa tươi tiệt trùng sôcôla nguyên chất TH True Milk 110ml (110ml x 48),"306,200",No discount,https://www.lazada.vn/products/pdp-i1663046532-s7354401657.html?pvid=3bc24c63-f954-4926-ba1f-e7948a0bb978&search=jfy&scm=1007.17519.386432.0&priceCompare=skuId%3A7354401657%3Bsource%3Atpp-recommend-plugin-32104%3Bsn%3A3bc24c63-f954-4926-ba1f-e7948a0bb978%3BoriginPrice%3A306200%3BdisplayPrice%3A306200%3BsinglePromotionId%3A900000052352222%3BsingleToolCode%3AflashSale%3BvoucherPricePlugin%3A0%3Btimestamp%3A1757734813798,No image,100,(211)
"[EXCLUSIVE 12-13.9] 【NEW】Bobbi Brown Weightless Skin Foundation SPF 15 PA++ | Long-Wear 24 Hour Moisture, Natural Matte, Oil-Control","1,659,000",No discount,https://www.lazada.vn/products/pdp-i321154310-s514420612.html?pvid=3bc24c63-f954-4926-ba1f-e7948a0bb978&search=jfy&scm=1007.17519.386432.0&priceCompare=skuId%3A514420612%3Bsource%3Atpp-recommend-plugin-32104%3Bsn%3A3bc24c63-f954-4926-ba1f-e7948a0bb978%3BoriginPrice%3A1659000%3BdisplayPrice%3A1659000%3BsinglePromotionId%3A900000052352222%3BsingleToolCode%3AflashSale%3BvoucherPricePlugin%3A0%3Btimestamp%3A1757734813798,No image,94,(497)
Kéo học sinh có nắp đậy Thiên Long Điểm 10 TP-SC01,"25,000", -24%,https://www.lazada.vn/products/pdp-i1876724260-s8508900518.html?pvid=3bc24c63-f954-4926-ba1f-e7948a0bb978&search=jfy&scm=1007.17519.386432.0&priceCompare=skuId%3A8508900518%3Bsource%3Atpp-recommend-plugin-32104%3Bsn%3A3bc24c63-f954-4926-ba1f-e7948a0bb978%3BoriginPrice%3A25000%3BdisplayPrice%3A25000%3BsinglePromotionId%3A900000051768079%3BsingleToolCode%3ApromPrice%3BvoucherPricePlugin%3A0%3Btimestamp%3A1757734813798,No image,100,(87)
Gutek P301 20000mAh power bank built-in large battery quick charge cord for multiple phone devices,"145,000", -50%,https://www.lazada.vn/products/pdp-i2385573513-s11600285879.html?pvid=3bc24c63-f954-4926-ba1f-e7948a0bb978&search=jfy&scm=1007.17519.386432.0&priceCompare=skuId%3A11600285879%3Bsource%3Atpp-recommend-plugin-32104%3Bsn%3A3bc24c63-f954-4926-ba1f-e7948a0bb978%3BoriginPrice%3A145000%3BdisplayPrice%3A145000%3BsinglePromotionId%3A900000052212796%3BsingleToolCode%3ApromPrice%3BvoucherPricePlugin%3A0%3Btimestamp%3A1757734813798,No image,96,(742)
Serum INOD khử mùi hôi nách và hôi chân chỉ sau 1 lọ 5ml,"299,000", -34%,https://www.lazada.vn/products/pdp-i1471189959-s6112404021.html?pvid=3bc24c63-f954-4926-ba1f-e7948a0bb978&search=jfy&scm=1007.17519.386432.0&priceCompare=skuId%3A6112404021%3Bsource%3Atpp-recommend-plugin-32104%3Bsn%3A3bc24c63-f954-4926-ba1f-e7948a0bb978%3BoriginPrice%3A299000%3BdisplayPrice%3A299000%3BsinglePromotionId%3A900000052212796%3BsingleToolCode%3ApromPrice%3BvoucherPricePlugin%3A0%3Btimestamp%3A1757734813798,No image,98,(474)
"(Combo10) Miếng Xốp Dán Tường Vân Đá PVC Bóng cao cấp 30x60cm có keo sẵn, chống thấm","46,000", -8%,https://www.lazada.vn/products/pdp-i2518474288-s14776840487.html?pvid=3bc24c63-f954-4926-ba1f-e7948a0bb978&search=jfy&scm=1007.17519.386432.0&priceCompare=skuId%3A14776840487%3Bsource%3Atpp-recommend-plugin-32104%3Bsn%3A3bc24c63-f954-4926-ba1f-e7948a0bb978%3BoriginPrice%3A46000%3BdisplayPrice%3A46000%3BsinglePromotionId%3A900000052212796%3BsingleToolCode%3ApromPrice%3BvoucherPricePlugin%3A0%3Btimestamp%3A1757734813798,https://img.lazcdn.com/g/p/c62cfdce9e5dc8b305eccb0b72ba2ed2.png_400x400q80.png,98,(1103)
[12-13/9 - XU 20%] Xịt Vải DOWNY Khử Mùi Và Chống Khuẩn Hương Nước Hoa Đam Mê/ Huyền Bí/ Nắng Mai Chai 370ML,"102,000", -14%,https://www.lazada.vn/products/pdp-i1891135935-s8583619011.html?pvid=3bc24c63-f954-4926-ba1f-e7948a0bb978&search=jfy&scm=1007.17519.386432.0&priceCompare=skuId%3A8583619011%3Bsource%3Atpp-recommend-plugin-32104%3Bsn%3A3bc24c63-f954-4926-ba1f-e7948a0bb978%3BoriginPrice%3A102000%3BdisplayPrice%3A102000%3BsinglePromotionId%3A900000051768079%3BsingleToolCode%3ApromPrice%3BvoucherPricePlugin%3A0%3Btimestamp%3A1757734813798,No image,98,(3199)
Sữa Chống Nắng Anessa Cho Da Nhạy Cảm UV SPF50+/PA++++ 60ml,"527,000", -25%,https://www.lazada.vn/products/pdp-i456936627-s842214081.html?pvid=3bc24c63-f954-4926-ba1f-e7948a0bb978&search=jfy&scm=1007.17519.386432.0&priceCompare=skuId%3A842214081%3Bsource%3Atpp-recommend-plugin-32104%3Bsn%3A3bc24c63-f954-4926-ba1f-e7948a0bb978%3BoriginPrice%3A527000%3BdisplayPrice%3A527000%3BsinglePromotionId%3A900000052352222%3BsingleToolCode%3AflashSale%3BvoucherPricePlugin%3A0%3Btimestamp%3A1757734813798,No image,100,(1501)
[12-13.9 | VOUCHER 30% & MUA 3 GIẢM 10%] Giày thể thao nam Nike Initiator - GREY,"2,349,000",No discount,https://www.lazada.vn/products/pdp-i3101856779-s14864126446.html?pvid=3bc24c63-f954-4926-ba1f-e7948a0bb978&search=jfy&scm=1007.17519.386432.0&priceCompare=skuId%3A14864126446%3Bsource%3Atpp-recommend-plugin-32104%3Bsn%3A3bc24c63-f954-4926-ba1f-e7948a0bb978%3BoriginPrice%3A2349000%3BdisplayPrice%3A2349000%3BsinglePromotionId%3A900000051768079%3BsingleToolCode%3ApromPrice%3BvoucherPricePlugin%3A0%3Btimestamp%3A1757734813798,No image,98,(14)
Combo 2 Dầu Gội Johnson's Active Kids Shiny Drops Shampoo Cho Bé Gái - Dung tích 500mlx2,"224,000", -12%,https://www.lazada.vn/products/pdp-i2302496723-s11180198118.html?pvid=3bc24c63-f954-4926-ba1f-e7948a0bb978&search=jfy&scm=1007.17519.386432.0&priceCompare=skuId%3A11180198118%3Bsource%3Atpp-recommend-plugin-32104%3Bsn%3A3bc24c63-f954-4926-ba1f-e7948a0bb978%3BoriginPrice%3A224000%3BdisplayPrice%3A224000%3BsinglePromotionId%3A900000052212796%3BsingleToolCode%3ApromPrice%3BvoucherPricePlugin%3A0%3Btimestamp%3A1757734813798,No image,100,(624)
Mỏ hàn nhiệt điều chỉnh nhiệt độ 80w màn hình LCD hiển thị nhiệt cao cấp 220V,"109,000", -27%,https://www.lazada.vn/products/pdp-i2048437337-s9560838787.html?pvid=3bc24c63-f954-4926-ba1f-e7948a0bb978&search=jfy&scm=1007.17519.386432.0&priceCompare=skuId%3A9560838787%3Bsource%3Atpp-recommend-plugin-32104%3Bsn%3A3bc24c63-f954-4926-ba1f-e7948a0bb978%3BoriginPrice%3A109000%3BdisplayPrice%3A109000%3BsinglePromotionId%3A900000052212796%3BsingleToolCode%3ApromPrice%3BvoucherPricePlugin%3A0%3Btimestamp%3A1757734813798,https://img.lazcdn.com/g/p/5de9b43008d789e495b67cb30b63304c.png_400x400q80.png,96,(195)
[BẢO HÀNH TOÀN QUỐC - TẶNG CÁP SẠC NHANH 39K ] - PIN DỰ PHÒNG LCD MẶT GƯƠNG DUNG LƯỢNG 30000MAH - SẠC DỰ PHÒNG CÓ ĐÈN LED HIỂN THỊ DUNG LƯỢNG PIN - HỖ TRỢ SẠC NHANH,"69,910", -93%,https://www.lazada.vn/products/pdp-i2587994059-s12606355933.html?pvid=75ad4556-0829-41ff-b2cb-83d46d92ed46&search=jfy&scm=1007.17519.386432.0&priceCompare=skuId%3A12606355933%3Bsource%3Atpp-recommend-plugin-32104%3Bsn%3A75ad4556-0829-41ff-b2cb-83d46d92ed46%3BoriginPrice%3A69910%3BdisplayPrice%3A69910%3BsinglePromotionId%3A900000051332024%3BsingleToolCode%3AflashSale%3BvoucherPricePlugin%3A0%3Btimestamp%3A1757734821847,https://img.lazcdn.com/g/p/8406d600d6e86ddee15613f2551a15f5.png_400x400q80.png,86,(423)
balo nam đi học thời trang cặp học sinh phong cách ulzzang ba lô du lịch thể thao giá rẻ,"36,900", -33%,https://www.lazada.vn/products/pdp-i2419850680-s12115354749.html?pvid=75ad4556-0829-41ff-b2cb-83d46d92ed46&search=jfy&scm=1007.17519.386432.0&priceCompare=skuId%3A12115354749%3Bsource%3Atpp-recommend-plugin-32104%3Bsn%3A75ad4556-0829-41ff-b2cb-83d46d92ed46%3BoriginPrice%3A36900%3BdisplayPrice%3A36900%3BsinglePromotionId%3A900000052212796%3BsingleToolCode%3ApromPrice%3BvoucherPricePlugin%3A0%3Btimestamp%3A1757734821847,No image,96,(1026)
Trung Nguyên Legend - Cà phê sữa hòa tan G7 3in1 - Bịch 100 sticks x 16gr (gói dài),"329,000", -10%,https://www.lazada.vn/products/pdp-i352128317-s575900245.html?pvid=75ad4556-0829-41ff-b2cb-83d46d92ed46&search=jfy&scm=1007.17519.386432.0&priceCompare=skuId%3A575900245%3Bsource%3Atpp-recommend-plugin-32104%3Bsn%3A75ad4556-0829-41ff-b2cb-83d46d92ed46%3BoriginPrice%3A329000%3BdisplayPrice%3A329000%3BsinglePromotionId%3A900000052212796%3BsingleToolCode%3ApromPrice%3BvoucherPricePlugin%3A0%3Btimestamp%3A1757734821847,No image,100,(9589)
Deere Jack  🌺【Miễn Phí Vận Chuyển】🌺New women's bag fashion one shoulder bag canvas bag cute handbag student school bag large capacity Tote bag,"29,000", -56%,https://www.lazada.vn/products/pdp-i2248628464-s10813877328.html?pvid=75ad4556-0829-41ff-b2cb-83d46d92ed46&search=jfy&scm=1007.17519.386432.0&priceCompare=skuId%3A10813877328%3Bsource%3Atpp-recommend-plugin-32104%3Bsn%3A75ad4556-0829-41ff-b2cb-83d46d92ed46%3BoriginPrice%3A29000%3BdisplayPrice%3A29000%3BsinglePromotionId%3A900000051768079%3BsingleToolCode%3ApromPrice%3BvoucherPricePlugin%3A0%3Btimestamp%3A1757734821847,No image,98,(511)
MS39 Quần Baggy Nữ Vải Đũi Thái Cạp Chun Nhẹ Mát,"60,000", -57%,https://www.lazada.vn/products/pdp-i1362361945-s8443368416.html?pvid=75ad4556-0829-41ff-b2cb-83d46d92ed46&search=jfy&scm=1007.17519.386432.0&priceCompare=skuId%3A8443368416%3Bsource%3Atpp-recommend-plugin-32104%3Bsn%3A75ad4556-0829-41ff-b2cb-83d46d92ed46%3BoriginPrice%3A60000%3BdisplayPrice%3A60000%3BsinglePromotionId%3A900000052212796%3BsingleToolCode%3ApromPrice%3BvoucherPricePlugin%3A0%3Btimestamp%3A1757734821847,No image,98,(4700)
[15.9 - 17.9 Voucher 18% CHO ĐƠN TỪ 199K]Kokomi Đại Mì Xào 90 Vị Bò Xốt Cà thùng 30gói x  95gr,"151,000", -23%,https://www.lazada.vn/products/pdp-i2838008035-s13801149555.html?pvid=75ad4556-0829-41ff-b2cb-83d46d92ed46&search=jfy&scm=1007.17519.386432.0&priceCompare=skuId%3A13801149555%3Bsource%3Atpp-recommend-plugin-32104%3Bsn%3A75ad4556-0829-41ff-b2cb-83d46d92ed46%3BoriginPrice%3A151000%3BdisplayPrice%3A151000%3BsinglePromotionId%3A900000052212796%3BsingleToolCode%3ApromPrice%3BvoucherPricePlugin%3A0%3Btimestamp%3A1757734821847,No image,100,(952)
"Vòng tay hạt pha lê may mắn cho phụ nữ, vòng tay bạc hình bướm, mặt trăng, ngôi sao, phụ kiện trang sức","3,000", -94%,https://www.lazada.vn/products/pdp-i3090753009-s14831646961.html?pvid=75ad4556-0829-41ff-b2cb-83d46d92ed46&search=jfy&scm=1007.17519.386432.0&priceCompare=skuId%3A14831646961%3Bsource%3Atpp-recommend-plugin-32104%3Bsn%3A75ad4556-0829-41ff-b2cb-83d46d92ed46%3BoriginPrice%3A3000%3BdisplayPrice%3A3000%3BsinglePromotionId%3A-1%3BsingleToolCode%3AmockedSalePrice%3BvoucherPricePlugin%3A0%3Btimestamp%3A1757734821847,No image,96,(262)
Sữa bột Dành cho người tiểu đường Vinamilk Sure Diecerna 900g,"614,752", -20%,https://www.lazada.vn/products/pdp-i304126863-s486334176.html?pvid=75ad4556-0829-41ff-b2cb-83d46d92ed46&search=jfy&scm=1007.17519.386432.0&priceCompare=skuId%3A486334176%3Bsource%3Atpp-recommend-plugin-32104%3Bsn%3A75ad4556-0829-41ff-b2cb-83d46d92ed46%3BoriginPrice%3A614752%3BdisplayPrice%3A614752%3BsinglePromotionId%3A900000052212796%3BsingleToolCode%3ApromPrice%3BvoucherPricePlugin%3A0%3Btimestamp%3A1757734821847,No image,100,(17756)
Dưỡng chất giảm mụn 3 tác động La Roche-Posay Effaclar Serum 30ml,"992,000", -11%,https://www.lazada.vn/products/pdp-i1083238627-s3749012818.html?pvid=75ad4556-0829-41ff-b2cb-83d46d92ed46&search=jfy&scm=1007.17519.386432.0&priceCompare=skuId%3A3749012818%3Bsource%3Atpp-recommend-plugin-32104%3Bsn%3A75ad4556-0829-41ff-b2cb-83d46d92ed46%3BoriginPrice%3A992000%3BdisplayPrice%3A992000%3BsinglePromotionId%3A900000052384018%3BsingleToolCode%3AmillionSubsidy%3BvoucherPricePlugin%3A0%3Btimestamp%3A1757734821847,No image,96,(2244)
"Áo Mưa Dây Kéo Trước,Măng Tô,Ích kỷ ,ThờI Trang .Chất Liệu Vải Dù Da Cá,Tổ Ong,siêu nhẹ Cao Cấp đường may tỉ mỉ chắc chắn","113,000", -25%,https://www.lazada.vn/products/pdp-i2425549123-s13073105974.html?pvid=75ad4556-0829-41ff-b2cb-83d46d92ed46&search=jfy&scm=1007.17519.386432.0&priceCompare=skuId%3A13073105974%3Bsource%3Atpp-recommend-plugin-32104%3Bsn%3A75ad4556-0829-41ff-b2cb-83d46d92ed46%3BoriginPrice%3A113000%3BdisplayPrice%3A113000%3BsinglePromotionId%3A-1%3BsingleToolCode%3AmockedSalePrice%3BvoucherPricePlugin%3A0%3Btimestamp%3A1757734821847,https://img.lazcdn.com/g/p/128620994f0a2b910b6a4be5e938e305.jpg_400x400q80.jpg,98,(189)
"Smillee extra whitening, tooth White from 2-6 tone after a show that the air is breathing confident. It is authentic","799,000", -38%,https://www.lazada.vn/products/pdp-i2497845049-s13230995165.html?pvid=75ad4556-0829-41ff-b2cb-83d46d92ed46&search=jfy&scm=1007.17519.386432.0&priceCompare=skuId%3A13230995165%3Bsource%3Atpp-recommend-plugin-32104%3Bsn%3A75ad4556-0829-41ff-b2cb-83d46d92ed46%3BoriginPrice%3A799000%3BdisplayPrice%3A799000%3BsinglePromotionId%3A900000052352222%3BsingleToolCode%3AflashSale%3BvoucherPricePlugin%3A0%3Btimestamp%3A1757734821847,No image,98,(1200)
"Máy sấy tóc Nanoe dưỡng ẩm, chăm sóc tóc và da đầu Panasonic EH-NA27PN645 – Thiết kế thời trang - Tay cầm gập gọn, dễ dàng mang theo - Công Suất 1200W - Hàng Chính Hãng - Bảo hành 1","1,380,000", -30%,https://www.lazada.vn/products/pdp-i247504109-s663494847.html?pvid=75ad4556-0829-41ff-b2cb-83d46d92ed46&search=jfy&scm=1007.17519.386432.0&priceCompare=skuId%3A663494847%3Bsource%3Atpp-recommend-plugin-32104%3Bsn%3A75ad4556-0829-41ff-b2cb-83d46d92ed46%3BoriginPrice%3A1380000%3BdisplayPrice%3A1380000%3BsinglePromotionId%3A-1%3BsingleToolCode%3AmockedSalePrice%3BvoucherPricePlugin%3A0%3Btimestamp%3A1757734821847,No image,100,(715)
"á đỡ điện thoại để bàn FP3 gấp gọn đa năng chất liệu nhựa cao cấp cho điện thoại, ipad","19,000", -32%,https://www.lazada.vn/products/pdp-i1800644630-s8095733366.html?pvid=75ad4556-0829-41ff-b2cb-83d46d92ed46&search=jfy&scm=1007.17519.386432.0&priceCompare=skuId%3A8095733366%3Bsource%3Atpp-recommend-plugin-32104%3Bsn%3A75ad4556-0829-41ff-b2cb-83d46d92ed46%3BoriginPrice%3A19000%3BdisplayPrice%3A19000%3BsinglePromotionId%3A-1%3BsingleToolCode%3AmockedSalePrice%3BvoucherPricePlugin%3A0%3Btimestamp%3A1757734821847,https://img.lazcdn.com/g/p/183b44941488aef0ba09421269cfa201.png_400x400q80.png,92,(90)
H2C Rearview Mirror with 306 Degree Rotating Leg Meets Traffic Standards Model F70 - F78 - Caoduongracing Motorcycle Spare Parts,"85,500", -29%,https://www.lazada.vn/products/pdp-i3006108347-s15117030835.html?pvid=75ad4556-0829-41ff-b2cb-83d46d92ed46&search=jfy&scm=1007.17519.386432.0&priceCompare=skuId%3A15117030835%3Bsource%3Atpp-recommend-plugin-32104%3Bsn%3A75ad4556-0829-41ff-b2cb-83d46d92ed46%3BoriginPrice%3A85500%3BdisplayPrice%3A85500%3BsinglePromotionId%3A900000051332024%3BsingleToolCode%3AflashSale%3BvoucherPricePlugin%3A0%3Btimestamp%3A1757734821847,https://img.lazcdn.com/g/p/6e4e1cef1c84c7bfd90959caf33e3863.jpg_400x400q80.jpg,92,(39)
Dép Nam Quai Ngang Da DONAVY Thịnh Hành D.OG,"31,980", -54%,https://www.lazada.vn/products/pdp-i1230312942-s4564372632.html?pvid=75ad4556-0829-41ff-b2cb-83d46d92ed46&search=jfy&scm=1007.17519.386432.0&priceCompare=skuId%3A4564372632%3Bsource%3Atpp-recommend-plugin-32104%3Bsn%3A75ad4556-0829-41ff-b2cb-83d46d92ed46%3BoriginPrice%3A31980%3BdisplayPrice%3A31980%3BsinglePromotionId%3A900000052212796%3BsingleToolCode%3ApromPrice%3BvoucherPricePlugin%3A0%3Btimestamp%3A1757734821847,https://img.lazcdn.com/g/p/ef1054acdfa078220ea7fe3d0a94a845.png_400x400q80.png,98,(248)
"Son COLORKEY Watery Tint Bền Màu Lâu Trôi, Không Dính Cốc, Siêu Mịn Môi 1.8g","199,000", -9%,https://www.lazada.vn/products/pdp-i2591534185-s12619548064.html?pvid=75ad4556-0829-41ff-b2cb-83d46d92ed46&search=jfy&scm=1007.17519.386432.0&priceCompare=skuId%3A12619548064%3Bsource%3Atpp-recommend-plugin-32104%3Bsn%3A75ad4556-0829-41ff-b2cb-83d46d92ed46%3BoriginPrice%3A199000%3BdisplayPrice%3A199000%3BsinglePromotionId%3A900000051768079%3BsingleToolCode%3ApromPrice%3BvoucherPricePlugin%3A0%3Btimestamp%3A1757734821847,No image,98,(207)
(MEGA SALE 9.9)Cốc giữ nhiệt inox 304 Elmich EL8309 dung tích 900ml,"319,000", -47%,https://www.lazada.vn/products/pdp-i2439245155-s12034585479.html?pvid=75ad4556-0829-41ff-b2cb-83d46d92ed46&search=jfy&scm=1007.17519.386432.0&priceCompare=skuId%3A12034585479%3Bsource%3Atpp-recommend-plugin-32104%3Bsn%3A75ad4556-0829-41ff-b2cb-83d46d92ed46%3BoriginPrice%3A319000%3BdisplayPrice%3A319000%3BsinglePromotionId%3A900000052234892%3BsingleToolCode%3AflashSale%3BvoucherPricePlugin%3A0%3Btimestamp%3A1757734821847,No image,100,(983)
mise en scène Perfect Serum Super Rich 80ml,"284,000",No discount,https://www.lazada.vn/products/pdp-i2656627977-s12978666317.html?pvid=75ad4556-0829-41ff-b2cb-83d46d92ed46&search=jfy&scm=1007.17519.386432.0&priceCompare=skuId%3A12978666317%3Bsource%3Atpp-recommend-plugin-32104%3Bsn%3A75ad4556-0829-41ff-b2cb-83d46d92ed46%3BoriginPrice%3A284000%3BdisplayPrice%3A284000%3BsinglePromotionId%3A900000052352222%3BsingleToolCode%3AflashSale%3BvoucherPricePlugin%3A0%3Btimestamp%3A1757734821847,No image,100,(31)
Dép quai ngang PUMA Unisex Leadcat Màu Đen,"585,000", -10%,https://www.lazada.vn/products/pdp-i2787256637-s13603483186.html?pvid=75ad4556-0829-41ff-b2cb-83d46d92ed46&search=jfy&scm=1007.17519.386432.0&priceCompare=skuId%3A13603483186%3Bsource%3Atpp-recommend-plugin-32104%3Bsn%3A75ad4556-0829-41ff-b2cb-83d46d92ed46%3BoriginPrice%3A585000%3BdisplayPrice%3A585000%3BsinglePromotionId%3A900000051768079%3BsingleToolCode%3ApromPrice%3BvoucherPricePlugin%3A0%3Btimestamp%3A1757734821847,No image,100,(88)
"[XẢ KHO - GIÁ RẺ SỐC]  điện thoại Y56 5G ram 8G/256G 2sim Chính Hãng màn hình to, Camera siêu đẹp, cấu hình khủng, Cày Game nặng siêu mượt mà- máy đủ màu CMS","258,000", -37%,https://www.lazada.vn/products/pdp-i2860066512-s13882759383.html?pvid=75ad4556-0829-41ff-b2cb-83d46d92ed46&search=jfy&scm=1007.17519.386432.0&priceCompare=skuId%3A13882759383%3Bsource%3Atpp-recommend-plugin-32104%3Bsn%3A75ad4556-0829-41ff-b2cb-83d46d92ed46%3BoriginPrice%3A258000%3BdisplayPrice%3A258000%3BsinglePromotionId%3A-1%3BsingleToolCode%3AmockedSalePrice%3BvoucherPricePlugin%3A0%3Btimestamp%3A1757734821847,https://img.lazcdn.com/g/p/6e9fdf47edb2b3adf834b07886290a94.jpg_400x400q80.jpg,96,(52)
Thùng 24 Chai Nước Giải Khát Revive Không Calo (450ml/chai),"209,000", -25%,https://www.lazada.vn/products/pdp-i2454931484-s12066974796.html?pvid=75ad4556-0829-41ff-b2cb-83d46d92ed46&search=jfy&scm=1007.17519.386432.0&priceCompare=skuId%3A12066974796%3Bsource%3Atpp-recommend-plugin-32104%3Bsn%3A75ad4556-0829-41ff-b2cb-83d46d92ed46%3BoriginPrice%3A209000%3BdisplayPrice%3A209000%3BsinglePromotionId%3A900000052212796%3BsingleToolCode%3ApromPrice%3BvoucherPricePlugin%3A0%3Btimestamp%3A1757734821847,No image,100,(208)
[BH 1 năm] Máy Xay Nấu Đa Năng Kangaroo 1.35 Lít KGNM135B01 - ĐỘC QUYỀN LAZADA,"989,000", -45%,https://www.lazada.vn/products/pdp-i2909735998-s14059206071.html?pvid=75ad4556-0829-41ff-b2cb-83d46d92ed46&search=jfy&scm=1007.17519.386432.0&priceCompare=skuId%3A14059206071%3Bsource%3Atpp-recommend-plugin-32104%3Bsn%3A75ad4556-0829-41ff-b2cb-83d46d92ed46%3BoriginPrice%3A989000%3BdisplayPrice%3A989000%3BsinglePromotionId%3A900000052416140%3BsingleToolCode%3AmillionSubsidy%3BvoucherPricePlugin%3A0%3Btimestamp%3A1757734821847,No image,98,(59)
iPhone 16 Plus - Hàng Chính Hãng VN/A,"23,590,000", -9%,https://www.lazada.vn/products/pdp-i2792267146-s13627244950.html?pvid=75ad4556-0829-41ff-b2cb-83d46d92ed46&search=jfy&scm=1007.17519.386432.0&priceCompare=skuId%3A13627244950%3Bsource%3Atpp-recommend-plugin-32104%3Bsn%3A75ad4556-0829-41ff-b2cb-83d46d92ed46%3BoriginPrice%3A23590000%3BdisplayPrice%3A23590000%3BsinglePromotionId%3A900000052352222%3BsingleToolCode%3AflashSale%3BvoucherPricePlugin%3A0%3Btimestamp%3A1757734821847,No image,98,(99)
Kem dưỡng thể hỗ trợ giảm mụn và làm mịn da Paula's Choice 2% BHA Body Smoothing Spot Exfoliant 210ml 5701,"969,000", -1%,https://www.lazada.vn/products/pdp-i279628686-s436514137.html?pvid=75ad4556-0829-41ff-b2cb-83d46d92ed46&search=jfy&scm=1007.17519.386432.0&priceCompare=skuId%3A436514137%3Bsource%3Atpp-recommend-plugin-32104%3Bsn%3A75ad4556-0829-41ff-b2cb-83d46d92ed46%3BoriginPrice%3A969000%3BdisplayPrice%3A969000%3BsinglePromotionId%3A900000052384018%3BsingleToolCode%3AmillionSubsidy%3BvoucherPricePlugin%3A0%3Btimestamp%3A1757734821847,No image,98,(2947)
Balo thời trang đi học đi chơi meet you,"35,000", -29%,https://www.lazada.vn/products/pdp-i2474101514-s12115131733.html?pvid=75ad4556-0829-41ff-b2cb-83d46d92ed46&search=jfy&scm=1007.17519.386432.0&priceCompare=skuId%3A12115131733%3Bsource%3Atpp-recommend-plugin-32104%3Bsn%3A75ad4556-0829-41ff-b2cb-83d46d92ed46%3BoriginPrice%3A35000%3BdisplayPrice%3A35000%3BsinglePromotionId%3A-1%3BsingleToolCode%3AmockedSalePrice%3BvoucherPricePlugin%3A0%3Btimestamp%3A1757734821847,https://img.lazcdn.com/g/p/b13f0a548dc93529179d5c31d96910da.jpg_400x400q80.jpg,96,(62)
Blackmores Multi Vitamin for Men Health Protection Food Supports Men's Physiological Health 50 Tablets,"450,000", -20%,https://www.lazada.vn/products/pdp-i1969874815-s9099082133.html?pvid=75ad4556-0829-41ff-b2cb-83d46d92ed46&search=jfy&scm=1007.17519.386432.0&priceCompare=skuId%3A9099082133%3Bsource%3Atpp-recommend-plugin-32104%3Bsn%3A75ad4556-0829-41ff-b2cb-83d46d92ed46%3BoriginPrice%3A450000%3BdisplayPrice%3A450000%3BsinglePromotionId%3A900000051768079%3BsingleToolCode%3ApromPrice%3BvoucherPricePlugin%3A0%3Btimestamp%3A1757734821847,No image,100,(31)
"Áo Thun Polo THUYỀN SIXMEN Ngắn Tay Dòng Cao Cấp Vải Cá Sấu Sang Trọng, Lịch Lãm 2025 - TTN10","110,000", -56%,https://www.lazada.vn/products/pdp-i3087916282-s14820278673.html?pvid=75ad4556-0829-41ff-b2cb-83d46d92ed46&search=jfy&scm=1007.17519.386432.0&priceCompare=skuId%3A14820278673%3Bsource%3Atpp-recommend-plugin-32104%3Bsn%3A75ad4556-0829-41ff-b2cb-83d46d92ed46%3BoriginPrice%3A110000%3BdisplayPrice%3A110000%3BsinglePromotionId%3A-1%3BsingleToolCode%3AmockedSalePrice%3BvoucherPricePlugin%3A0%3Btimestamp%3A1757734821847,https://img.lazcdn.com/g/p/169ab2a6476a6579eb82f498e828e98d.jpg_400x400q80.jpg,96,(58)
"bộ sạc bình ác quy tự động ngắt 12v2A 2Ah-20Ah sạc acquy xe máy, xe ô tô,(màn hình báo đầy)","57,999", -28%,https://www.lazada.vn/products/pdp-i2612378575-s12738984718.html?pvid=ffef1f54-5bab-4df3-85fe-79a15bebac65&search=jfy&scm=1007.17519.386432.0&priceCompare=skuId%3A12738984718%3Bsource%3Atpp-recommend-plugin-32104%3Bsn%3Affef1f54-5bab-4df3-85fe-79a15bebac65%3BoriginPrice%3A57999%3BdisplayPrice%3A57999%3BsinglePromotionId%3A-1%3BsingleToolCode%3AmockedSalePrice%3BvoucherPricePlugin%3A0%3Btimestamp%3A1757734830019,https://img.lazcdn.com/g/p/af97cea32766ab06f15aecf29399d848.jpg_400x400q80.jpg,94,(805)
[HCM]Nước Hoa Hương Tự Nhiên - Xịt Thơm Toàn Thân Body Mist COOC Mùi Hương Quyến rũ Sang Trọng Và Đầy Lôi Cuốn,"30,400", -32%,https://www.lazada.vn/products/pdp-i972780706-s3051334755.html?pvid=ffef1f54-5bab-4df3-85fe-79a15bebac65&search=jfy&scm=1007.17519.386432.0&priceCompare=skuId%3A3051334755%3Bsource%3Atpp-recommend-plugin-32104%3Bsn%3Affef1f54-5bab-4df3-85fe-79a15bebac65%3BoriginPrice%3A30400%3BdisplayPrice%3A30400%3BsinglePromotionId%3A900000052212796%3BsingleToolCode%3ApromPrice%3BvoucherPricePlugin%3A0%3Btimestamp%3A1757734830019,https://img.lazcdn.com/g/p/188def3438aa6d772795fb3fa9d4971b.png_400x400q80.png,98,(10679)
"khò gas Đèn khò gas 1300 độ bằng đồng nguyên khối độ bền cao khò gas, đầu khò ga mini đầu khò gas bếp ga nhật thùng đá","27,390", -39%,https://www.lazada.vn/products/pdp-i3142232976-s14990349577.html?pvid=ffef1f54-5bab-4df3-85fe-79a15bebac65&search=jfy&scm=1007.17519.386432.0&priceCompare=skuId%3A14990349577%3Bsource%3Atpp-recommend-plugin-32104%3Bsn%3Affef1f54-5bab-4df3-85fe-79a15bebac65%3BoriginPrice%3A27390%3BdisplayPrice%3A27390%3BsinglePromotionId%3A900000051768079%3BsingleToolCode%3ApromPrice%3BvoucherPricePlugin%3A0%3Btimestamp%3A1757734830019,No image,96,(280)
"1kg( 2 hủ) me cay ngào đường Let's Nuts, hương vị tuổi thơ, đồ ăn vặt cho gia đình, lễ tết","30,333", -16%,https://www.lazada.vn/products/pdp-i2605886307-s12694156771.html?pvid=ffef1f54-5bab-4df3-85fe-79a15bebac65&search=jfy&scm=1007.17519.386432.0&priceCompare=skuId%3A12694156771%3Bsource%3Atpp-recommend-plugin-32104%3Bsn%3Affef1f54-5bab-4df3-85fe-79a15bebac65%3BoriginPrice%3A30333%3BdisplayPrice%3A30333%3BsinglePromotionId%3A900000052212796%3BsingleToolCode%3ApromPrice%3BvoucherPricePlugin%3A0%3Btimestamp%3A1757734830019,No image,88,(360)
Combo 3 Kem Đánh Răng Closeup Dạng Gel Trắng Răng Diamond Attraction Ngay Sau 1 Lần Chải 100G/Tuýp,"86,000", -43%,https://www.lazada.vn/products/pdp-i1297926065-s4969551627.html?pvid=ffef1f54-5bab-4df3-85fe-79a15bebac65&search=jfy&scm=1007.17519.386432.0&priceCompare=skuId%3A4969551627%3Bsource%3Atpp-recommend-plugin-32104%3Bsn%3Affef1f54-5bab-4df3-85fe-79a15bebac65%3BoriginPrice%3A86000%3BdisplayPrice%3A86000%3BsinglePromotionId%3A900000052384018%3BsingleToolCode%3AmillionSubsidy%3BvoucherPricePlugin%3A0%3Btimestamp%3A1757734830019,No image,100,(9834)
Tai nghe UGREEN Max5c chụp tai không dây 43dB Bluetooth 5.4 Hybrid Active Khử tiếng ồn Hi-Res LDAC 75H Tai nghe chụp tai âm thanh không gian ANC Wireless Earphone Model:35757,"599,000", -40%,https://www.lazada.vn/products/pdp-i3026831742-s14994670096.html?pvid=ffef1f54-5bab-4df3-85fe-79a15bebac65&search=jfy&scm=1007.17519.386432.0&priceCompare=skuId%3A14994670096%3Bsource%3Atpp-recommend-plugin-32104%3Bsn%3Affef1f54-5bab-4df3-85fe-79a15bebac65%3BoriginPrice%3A599000%3BdisplayPrice%3A599000%3BsinglePromotionId%3A-1%3BsingleToolCode%3AmockedSalePrice%3BvoucherPricePlugin%3A0%3Btimestamp%3A1757734830019,No image,98,(71)
[15.9 - 17.9 Voucher 18% CHO ĐƠN TỪ 199K] Combo 2 thùng Mì Omachi Hương Vị Lẩu Bắp Bò Riêu Cua Gói 80g - Thùng 30 Gói x 80g,"504,000", -30%,https://www.lazada.vn/products/pdp-i2938669050-s14177819020.html?pvid=ffef1f54-5bab-4df3-85fe-79a15bebac65&search=jfy&scm=1007.17519.386432.0&priceCompare=skuId%3A14177819020%3Bsource%3Atpp-recommend-plugin-32104%3Bsn%3Affef1f54-5bab-4df3-85fe-79a15bebac65%3BoriginPrice%3A504000%3BdisplayPrice%3A504000%3BsinglePromotionId%3A900000052384018%3BsingleToolCode%3AmillionSubsidy%3BvoucherPricePlugin%3A0%3Btimestamp%3A1757734830019,No image,100,(240)
Thùng 24 Chai Sữa Nước Ensure Abbott Hương Vani 237ml [bao bì thay đổi theo từng đợt nhập hàng],"950,000", -37%,https://www.lazada.vn/products/pdp-i1195244981-s4423964186.html?pvid=ffef1f54-5bab-4df3-85fe-79a15bebac65&search=jfy&scm=1007.17519.386432.0&priceCompare=skuId%3A4423964186%3Bsource%3Atpp-recommend-plugin-32104%3Bsn%3Affef1f54-5bab-4df3-85fe-79a15bebac65%3BoriginPrice%3A950000%3BdisplayPrice%3A950000%3BsinglePromotionId%3A900000052352222%3BsingleToolCode%3AflashSale%3BvoucherPricePlugin%3A0%3Btimestamp%3A1757734830019,No image,100,(62655)
"iPhone 6/6s Plus Case, Clear Shockproof Bumper Case Transparent Silicon TPU Cover for iPhone 6 / 6S Plus 5.5 inch - intl","37,143", -42%,https://www.lazada.vn/products/pdp-i202938437-s253211983.html?pvid=ffef1f54-5bab-4df3-85fe-79a15bebac65&search=jfy&scm=1007.17519.386432.0&priceCompare=skuId%3A253211983%3Bsource%3Atpp-recommend-plugin-32104%3Bsn%3Affef1f54-5bab-4df3-85fe-79a15bebac65%3BoriginPrice%3A37143%3BdisplayPrice%3A37143%3BsinglePromotionId%3A900000051768079%3BsingleToolCode%3ApromPrice%3BvoucherPricePlugin%3A0%3Btimestamp%3A1757734830019,No image,82,(59)
SeasTina Double-Layer Large Capacity Storage Bag for Clothes and Quilts,"55,000", -50%,https://www.lazada.vn/products/pdp-i3064703757-s14735294039.html?pvid=ffef1f54-5bab-4df3-85fe-79a15bebac65&search=jfy&scm=1007.17519.386432.0&priceCompare=skuId%3A14735294039%3Bsource%3Atpp-recommend-plugin-32104%3Bsn%3Affef1f54-5bab-4df3-85fe-79a15bebac65%3BoriginPrice%3A55000%3BdisplayPrice%3A55000%3BsinglePromotionId%3A-1%3BsingleToolCode%3AmockedSalePrice%3BvoucherPricePlugin%3A0%3Btimestamp%3A1757734830019,No image,92,(633)
Ezviz C6N 2Mp Wifi Camera |   C6N Pro 2K 3Mp - Smart 360 Rotation + 2-Way Talk + Motion Tracking - C6N G1 8Mp (New Upgrade),"457,000", -50%,https://www.lazada.vn/products/pdp-i337146881-s13740580466.html?pvid=ffef1f54-5bab-4df3-85fe-79a15bebac65&search=jfy&scm=1007.17519.386432.0&priceCompare=skuId%3A13740580466%3Bsource%3Atpp-recommend-plugin-32104%3Bsn%3Affef1f54-5bab-4df3-85fe-79a15bebac65%3BoriginPrice%3A457000%3BdisplayPrice%3A457000%3BsinglePromotionId%3A900000052212796%3BsingleToolCode%3ApromPrice%3BvoucherPricePlugin%3A0%3Btimestamp%3A1757734830019,https://img.lazcdn.com/g/p/7885dce1932c834278e155dde7d352a6.jpg_400x400q80.jpg,98,(2569)
Bộ Mút Trang Điểm AMORTALS 100Đ Chính Hãng Sử Dụng Ướt Khô Đa Năng Kèm Cọ Và Hộp Đựng,"109,000", -31%,https://www.lazada.vn/products/pdp-i3135114585-s14966900525.html?pvid=ffef1f54-5bab-4df3-85fe-79a15bebac65&search=jfy&scm=1007.17519.386432.0&priceCompare=skuId%3A14966900525%3Bsource%3Atpp-recommend-plugin-32104%3Bsn%3Affef1f54-5bab-4df3-85fe-79a15bebac65%3BoriginPrice%3A109000%3BdisplayPrice%3A109000%3BsinglePromotionId%3A900000052212796%3BsingleToolCode%3ApromPrice%3BvoucherPricePlugin%3A0%3Btimestamp%3A1757734830019,No image,100,(50)
"Vòng cổ cỏ bốn lá nữ, dây chuyền xương đòn ins sang trọng nhẹ thời trang, dây chuyền áo len","4,000", -33%,https://www.lazada.vn/products/pdp-i3075490853-s14775510495.html?pvid=ffef1f54-5bab-4df3-85fe-79a15bebac65&search=jfy&scm=1007.17519.386432.0&priceCompare=skuId%3A14775510495%3Bsource%3Atpp-recommend-plugin-32104%3Bsn%3Affef1f54-5bab-4df3-85fe-79a15bebac65%3BoriginPrice%3A4000%3BdisplayPrice%3A4000%3BsinglePromotionId%3A-1%3BsingleToolCode%3AmockedSalePrice%3BvoucherPricePlugin%3A0%3Btimestamp%3A1757734830019,No image,96,(313)
Combo 3 lon Cream đặc có đường Premium Alphana 1kg,"155,000", -25%,https://www.lazada.vn/products/pdp-i242750113-s310578825.html?pvid=ffef1f54-5bab-4df3-85fe-79a15bebac65&search=jfy&scm=1007.17519.386432.0&priceCompare=skuId%3A310578825%3Bsource%3Atpp-recommend-plugin-32104%3Bsn%3Affef1f54-5bab-4df3-85fe-79a15bebac65%3BoriginPrice%3A155000%3BdisplayPrice%3A155000%3BsinglePromotionId%3A-1%3BsingleToolCode%3AmockedSalePrice%3BvoucherPricePlugin%3A0%3Btimestamp%3A1757734830019,No image,98,(626)
<Xanh> Bộ 10 tuýp kem đông y bôi ngoài da cực hiệu quả,"85,000", -23%,https://www.lazada.vn/products/pdp-i2662645323-s13025167348.html?pvid=ffef1f54-5bab-4df3-85fe-79a15bebac65&search=jfy&scm=1007.17519.386432.0&priceCompare=skuId%3A13025167348%3Bsource%3Atpp-recommend-plugin-32104%3Bsn%3Affef1f54-5bab-4df3-85fe-79a15bebac65%3BoriginPrice%3A85000%3BdisplayPrice%3A85000%3BsinglePromotionId%3A-1%3BsingleToolCode%3AmockedSalePrice%3BvoucherPricePlugin%3A0%3Btimestamp%3A1757734830020,No image,100,(371)
Hạt Nêm Thịt Thăn Xương Ống Và Tủy Knorr Professional 1.8kg - Chuyên Dùng Cho Nấu Ăn,"115,000", -23%,https://www.lazada.vn/products/pdp-i2803271658-s13674619369.html?pvid=ffef1f54-5bab-4df3-85fe-79a15bebac65&search=jfy&scm=1007.17519.386432.0&priceCompare=skuId%3A13674619369%3Bsource%3Atpp-recommend-plugin-32104%3Bsn%3Affef1f54-5bab-4df3-85fe-79a15bebac65%3BoriginPrice%3A115000%3BdisplayPrice%3A115000%3BsinglePromotionId%3A-1%3BsingleToolCode%3AmockedSalePrice%3BvoucherPricePlugin%3A0%3Btimestamp%3A1757734830020,No image,100,(154)
"Combo 2 Dao Tanto Nhật Bản Mini 20cm - Lưỡi thép không gỉ, Gọt hoa quả, Thái Sashini, Đa năng","18,000", -50%,https://www.lazada.vn/products/pdp-i3047617169-s14659931221.html?pvid=ffef1f54-5bab-4df3-85fe-79a15bebac65&search=jfy&scm=1007.17519.386432.0&priceCompare=skuId%3A14659931221%3Bsource%3Atpp-recommend-plugin-32104%3Bsn%3Affef1f54-5bab-4df3-85fe-79a15bebac65%3BoriginPrice%3A18000%3BdisplayPrice%3A18000%3BsinglePromotionId%3A-1%3BsingleToolCode%3AmockedSalePrice%3BvoucherPricePlugin%3A0%3Btimestamp%3A1757734830019,https://img.lazcdn.com/g/p/30fa485a399d0bb8afa6226f65bafdd3.jpg_400x400q80.jpg,94,(67)
"Thảm trải giường lông cừu nỉ nhung Màu Xu Hướng 2024, thảm nỉ nhung đa năng 3 lớp - Đủ Kích Thước","95,000",No discount,https://www.lazada.vn/products/pdp-i2884872454-s13961235694.html?pvid=ffef1f54-5bab-4df3-85fe-79a15bebac65&search=jfy&scm=1007.17519.386432.0&priceCompare=skuId%3A13961235694%3Bsource%3Atpp-recommend-plugin-32104%3Bsn%3Affef1f54-5bab-4df3-85fe-79a15bebac65%3BoriginPrice%3A95000%3BdisplayPrice%3A95000%3BsinglePromotionId%3A900000052212796%3BsingleToolCode%3ApromPrice%3BvoucherPricePlugin%3A0%3Btimestamp%3A1757734830019,https://img.lazcdn.com/g/p/0431c2f5e85df572533995b84dcb8aa1.jpg_400x400q80.jpg,94,(81)
"QUẦN ĐÙITHỂ THAO, CHẤT MÈ, THOÁNG MÁT. SIZE 45 - 100 KG. MẪU KAPA","41,000", -96%,https://www.lazada.vn/products/pdp-i2689704896-s13159043459.html?pvid=ffef1f54-5bab-4df3-85fe-79a15bebac65&search=jfy&scm=1007.17519.386432.0&priceCompare=skuId%3A13159043459%3Bsource%3Atpp-recommend-plugin-32104%3Bsn%3Affef1f54-5bab-4df3-85fe-79a15bebac65%3BoriginPrice%3A41000%3BdisplayPrice%3A41000%3BsinglePromotionId%3A-1%3BsingleToolCode%3AmockedSalePrice%3BvoucherPricePlugin%3A0%3Btimestamp%3A1757734830019,https://img.lazcdn.com/g/p/5441eb707565e6d0ee694b026e63a708.jpg_400x400q80.jpg,96,(79)
Lăn khử mùi Etiaxil men 50ml,"218,000", -24%,https://www.lazada.vn/products/pdp-i2013585156-s9371366496.html?pvid=ffef1f54-5bab-4df3-85fe-79a15bebac65&search=jfy&scm=1007.17519.386432.0&priceCompare=skuId%3A9371366496%3Bsource%3Atpp-recommend-plugin-32104%3Bsn%3Affef1f54-5bab-4df3-85fe-79a15bebac65%3BoriginPrice%3A218000%3BdisplayPrice%3A218000%3BsinglePromotionId%3A900000052234892%3BsingleToolCode%3AflashSale%3BvoucherPricePlugin%3A0%3Btimestamp%3A1757734830019,No image,98,(398)
Bộ đôi nước làm sạch sâu và tẩy trang cho da nhạy cảm La Roche-Posay Micellar Water Ultra Sensitive Skin 400ml,"996,000", -11%,https://www.lazada.vn/products/pdp-i2168836211-s10245665574.html?pvid=ffef1f54-5bab-4df3-85fe-79a15bebac65&search=jfy&scm=1007.17519.386432.0&priceCompare=skuId%3A10245665574%3Bsource%3Atpp-recommend-plugin-32104%3Bsn%3Affef1f54-5bab-4df3-85fe-79a15bebac65%3BoriginPrice%3A996000%3BdisplayPrice%3A996000%3BsinglePromotionId%3A900000052384018%3BsingleToolCode%3AmillionSubsidy%3BvoucherPricePlugin%3A0%3Btimestamp%3A1757734830019,No image,100,(1640)
